ID NO.,NAME,ROLE,CATEGORY,SUB CATEGORY,STATE,CITY,CONTACT,REMARKS
CM/LAB/01,AB. KALAM ,LABOUR ,BANDH KAM MASON,,MAHARASHTRA,MUMBAI,8178084835,EXELLAR
,AB. AZEEM,VENDOR,STEEL FABRICATOR,,MAHARASHTRA,MUMBAI,9892803162,
,AB.REHMAN,LABOUR ,AC/ WM/FRIDGE REPAIR,,MAHARASHTRA,MUMBAI,9892188032,
,AB. HALEEM,BROKER,REAL ESTATE AGENT,,MAHARASHTRA,MUMBAI,9892328155,
,ABU NASAR,LABOUR,FITTER CIVIL (FOREMAN),,MAHARASHTRA,MUMBAI,9594021696,FOREMAN INFIBUILT
,AFSAR,BROKER,REAL ESTATE AGENT,,MAHARASHTRA,MUMBAI,9833656094,
,ALAM,LABOUR ,FITTER CIVIL,,MAHARASHTRA,MUMBAI,9594857081,EXELLAR
,AB. ALEEM,VENDOR,PLUMBER,,MAHARASHTRA,MUMBAI,7040128717,
,AMEEN,BROKER,REAL ESTATE AGENT,,MAHARASHTRA,MUMBAI,8651701197,
,AMEEN,BROKER,REAL ESTATE AGENT,,MAHARASHTRA,MUMBAI,8356066174,
,ANAND,LABOUR ,LABOUR FOREMAN,,MAHARASHTRA,MUMBAI,9987812062,VINS PANDHRI
,ANWAR,VENDOR,CARPENTER ,,MAHARASHTRA,MUMBAI,8291121852,TDC JOGESHWARI
,ANZAR,VENDOR,FITTER CIVIL (FOREMAN),,MAHARASHTRA,MUMBAI,8452093746,FOREMAN INFIBUILT
,ARIF,LABOUR ,LOADER/ UNLOADER,,MAHARASHTRA,MUMBAI,9152353136,
,ARJUN,SUPERVISOR,LABOUR FOREMAN,,MAHARASHTRA,MUMBAI,9867591724,VINS PANDHRI
,ARSHAD KHEMA,LABOUR ,ELECTRICIAN,,MAHARASHTRA,MUMBAI,9821423130,
,ARSHAD,SUPERVISOR,LABOUR FOREMAN,,MAHARASHTRA,MUMBAI,9967804807,VINS PANDHRI
,ASIF,LABOUR ,ELECTRICIAN,,MAHARASHTRA,MUMBAI,8452851383,EXELLAR
,AKHTAR,VENDOR,HVAC,,MAHARASHTRA,MUMBAI,8767301601,GOLIBAR
,AKRAM REHMANI,VENDOR,INTERIOR,,MAHARASHTRA,MUMBAI,9820885977,GOLIBAR
,ARSHAD,VENDOR,FITTER CIVIL,,MAHARASHTRA,MUMBAI,8898608857,
,ARSHAD,VENDOR,CARPENTER CIVIL,,MAHARASHTRA,MUMBAI,8898608857,
,ARUP,VENDOR,LABOUR SUPPLIER,,MAHARASHTRA,MUMBAI,9967170806,
,AMARJEET RAWAT,VENDOR,CARPENTER CIVIL,,MAHARASHTRA,MUMBAI,9664784079,
,AMARJEET RAWAT,VENDOR,LABOUR SUPPLIER,,MAHARASHTRA,MUMBAI,9664784079,
,ALAM SABA,VENDOR,TILING,,MAHARASHTRA,MUMBAI,8767586022,
,WASEEM,VENDOR,PAINTER,,MAHARASHTRA,MUMBAI,8369238779,
,ROSHAN MISHRA,LABOUR ,BLOCK WORK MASON,,MAHARASHTRA,MUMBAI,8668756390,
,ROSHAN MISHRA,LABOUR ,PLASTER MASON,,MAHARASHTRA,MUMBAI,8668756390,
,ALFAIZ PATEL,VENDOR,POCLAIN,,MAHARASHTRA,MUMBAI,8767571169,
,AMRUDDIN,VENDOR,PILE BREAKER,,MAHARASHTRA,MUMBAI,9987834962,
,ANAND,JOB (SUPERVISOR),PAINTER,,MAHARASHTRA,MUMBAI,9821151008,
,ANSAR,VENDOR,ALUMINIUM FABRICATOR,,MAHARASHTRA,MUMBAI,8169022407,MALVANI
,ANWAR,VENDOR,HVAC,,MAHARASHTRA,MUMBAI,9022352067,
,ARIF,CIVIL MATERIAL SUPPLIER,CIVIL MATERIAL SUPPLIER,,MAHARASHTRA,MUMBAI,9769807948,EXELLAR LLP
,AB.BARI,VENDOR,INTERIOR ,,MAHARASHTRA,MUMBAI,9322130075,ARMAN DAD
,ARSHAD,JOB ,JOB (SR.ENGINEER),,MAHARASHTRA,MUMBAI,8108977578,MALVANI
,ASHFAQ,VENDOR,WATERPROOFING,,MAHARASHTRA,MUMBAI,9820222168,PUNIT
,ASHOK,VENDOR,HAIWA DUMPER,,MAHARASHTRA,MUMBAI,8424953451,KANDIVALI
,ASIF,VENDOR,INTERIOR ,,MAHARASHTRA,MUMBAI,8286554890,CRESCENT
,ARBAZ SK,VENDOR,BUILDING AUDIT,,MAHARASHTRA,MUMBAI,8369206931,
,ABDUL,VENDOR,BUILDING AUDIT,,MAHARASHTRA,MUMBAI,9821729974,
,NIK,VENDOR,BUILDING AUDIT,,MAHARASHTRA,MUMBAI,9325200658,
,RUCHIT RAMI,VENDOR,BUILDING AUDIT,,MAHARASHTRA,MUMBAI,8097633286,
,RAZI,VENDOR,BUILDING AUDIT,,MAHARASHTRA,MUMBAI,9022822268,
,MANISH JADHAV,VENDOR,BUILDING AUDIT,,MAHARASHTRA,MUMBAI,9892331474,SHIVNER GOLIBAR
,IQBAL B,VENDOR,BUILDING AUDIT,,MAHARASHTRA,MUMBAI,9987119208,AVON CONSULTANCY
,SHAFI MUJAWAR,VENDOR,BUILDING AUDIT,,MAHARASHTRA,PANVEL,721878611,
,SALMAN KHAN,VENDOR,BUILDING AUDIT,,MAHARASHTRA,MUMBAI,8082115509,IMRAN P&T CIVIL
,RAVI,DEVELOPER,,,MAHARASHTRA,MUMBAI,9320082324,BAFNA GROUP
CM/ENG/00001,IMRAN,CIVIL ENGINEER,SR.ENGINEER,,MAHARASHTRA,MUMBAI,9702000301,FEM
CM/ENG/00002,AB.RAZZAK ,CIVIL ENGINEER,JR.ENGINEER,,MAHARASHTRA,MUMBAI,7276999779,VARTAK
CM/ENG/00003,ANMOL,CIVIL ENGINEER,JR.ENGINEER,,MAHARASHTRA,MUMBAI,7409084613,
CM/ENG/00004,ARIF,CIVIL ENGINEER,SR.ENGINEER,,MAHARASHTRA,MUMBAI,7738950878,INFIBUILT
CM/ENG/00005,ASIF KHAN,CIVIL ENGINEER,JR.ENGINEER,,MAHARASHTRA,MUMBAI,7976041082,PUNIT
CM/ENG/00006,DANISH,CIVIL ENGINEER,SR.ENGINEER,,MAHARASHTRA,MUMBAI,880544508,THEEM
CM/ENG/00007,CM/ENG/00007,CIVIL ENGINEER,SITE ENGINEER,,MAHARASHTRA,MUMBAI,8976589208,
CM/ENG/00008,HAROON ,CIVIL ENGINEER,SR.ENGINEER,,MAHARASHTRA,MUMBAI,8286973652,SABOO
CM/ENG/00009,MANISH JADHAV,CIVIL ENGINEER,SITE ENGINEER,,MAHARASHTRA,MUMBAI,9892331474,BUILDING AUDIT
CM/ENG/00010,PREM JHA,CIVIL ENGINEER,SR.QUALITY ENGINEER,,MAHARASHTRA,MUMBAI,9326795720,INFIBUILT
CM/ENG/00011,CM/ENG/00011,SAFETY OFFICER,JUNIOR,,MAHARASHTRA,MUMBAI,8888683300,
CM/ENG/00012,SAIF,CIVIL ENGINEER,SITE ENGINEER,,MAHARASHTRA,MUMBAI,7666977166,FEM
CM/ENG/00013,SHUBHAM,CIVIL ENGINEER,SITE ENGINEER,,MAHARASHTRA,MUMBAI,9699099502,INFIBUILT
CM/ENG/00014,SUFIYAN,CIVIL ENGINEER,SR.ENGINEER,,MAHARASHTRA,MUMBAI,8097116341,FEM
CM/ENG/00015,SOHAIL,SAFETY OFFICER,,,MAHARASHTRA,MUMBAI,7045637310,INFIBUILT
CM/ENG/00016,VIKAS ,CIVIL ENGINEER,PROJECT MANAGER,,MAHARASHTRA,MUMBAI,9967492262,ORAM CONSTRUCTION
CM/ENG/00017,YUSUF,CIVIL ENGINEER,SITE ENGINEER,,MAHARASHTRA,BEED,9422061272,INFIBUILT
CM/ENG/00018,AJAY JHA,CIVIL ENGINEER,SITE ENGINEER,,MAHARASHTRA,MUMBAI,7987878419,DYNAMICS GROUP
CM/ENG/00019,MAHESH KOKATE,CIVIL ENGINEER,SITE ENGINEER,,MAHARASHTRA,MUMBAI,8483919103,
CM/ENG/00020,NADIM KHAN,CIVIL ENGINEER,SITE ENGINEER,,MAHARASHTRA,MUMBAI,8861419699,
CM/ENG/00021,SAJID BHATI,CIVIL ENGINEER,SITE ENGINEER,,MAHARASHTRA,MUMBAI,9082466150,
CM/ENG/00022,YASHPAL YADAV,CIVIL ENGINEER,SITE ENGINEER,,MAHARASHTRA,MUMBAI,9918560216,
CM/ENG/00023,CM/ENG/00023,CIVIL ENGINEER,SITE ENGINEER,,MAHARASHTRA,MUMBAI,9594603903,
CM/ENG/00024,CM/ENG/00024,CIVIL ENGINEER,SITE ENGINEER,,MAHARASHTRA,MUMBAI,8291103809,
CM/ENG/00025,CM/ENG/00025,CIVIL ENGINEER,SITE ENGINEER,,MAHARASHTRA,MUMBAI,8007138723,
CM/ENG/00026,CM/ENG/00026,CIVIL ENGINEER,SITE ENGINEER,,MAHARASHTRA,MUMBAI,8657288690,
CM/ENG/00027,CM/ENG/00027,CIVIL ENGINEER,SITE ENGINEER,,MAHARASHTRA,MUMBAI,7798894127,
CM/ENG/00028,CM/ENG/00028,CIVIL ENGINEER,SITE ENGINEER,,MAHARASHTRA,MUMBAI,9595515313,
CM/ENG/00029,CM/ENG/00029,CIVIL ENGINEER,SITE ENGINEER,,MAHARASHTRA,MUMBAI,8097381424,
CM/ENG/00030,CM/ENG/00030,CIVIL ENGINEER,SITE ENGINEER,,MAHARASHTRA,MUMBAI,9048540009,
CM/ENG/00031,CM/ENG/00031,CIVIL ENGINEER,SITE ENGINEER,,MAHARASHTRA,MUMBAI,9765165174,
CM/ENG/00032,CM/ENG/00032,CIVIL ENGINEER,SITE ENGINEER,,MAHARASHTRA,MUMBAI,9768390598,
CM/ENG/00033,CM/ENG/00033,CIVIL ENGINEER,SITE ENGINEER,,MAHARASHTRA,MUMBAI,8551075343,
CM/ENG/00034,KUMAIL,CIVIL ENGINEER,SITE ENGINEER,,MAHARASHTRA,MUMBAI,9670087520,
CM/ENG/00035,SUMIT,CIVIL ENGINEER,SITE ENGINEER,,MAHARASHTRA,MUMBAI,8793275579,
CM/ENG/00036,CM/ENG/00036,CIVIL ENGINEER,SITE ENGINEER,,MAHARASHTRA,MUMBAI,8767791181,
CM/ENG/00037,LIYAQAT,CIVIL ENGINEER,SITE ENGINEER,,MAHARASHTRA,MUMBAI,9320958462,
CM/ENG/00038,IMTIYAZ ANSARI,CIVIL ENGINEER,SITE ENGINEER,,MAHARASHTRA,MUMBAI,7021374468,
CM/ENG/00039,CM/ENG/00039,CIVIL ENGINEER,SITE ENGINEER,,MAHARASHTRA,MUMBAI,8081100537,
CM/ENG/00040,AQUIB KHAN,CIVIL ENGINEER,SITE ENGINEER,,MAHARASHTRA,MUMBAI,8788875007,
CM/ENG/00041,JITENDRA YADAV,CIVIL ENGINEER,SITE ENGINEER,,MAHARASHTRA,MUMBAI,7069968189,
CM/ENG/00042,KISHOR,CIVIL ENGINEER,SITE ENGINEER,,MAHARASHTRA,MUMBAI,9178283679,
CM/ENG/00043,SHUBHAM,CIVIL ENGINEER,SITE ENGINEER,,MAHARASHTRA,MUMBAI,9096083445,
CM/ENG/00044,CM/ENG/00044,CIVIL ENGINEER,SITE ENGINEER,,MAHARASHTRA,MUMBAI,8626069375,
CM/ENG/00045,CM/ENG/00045,CIVIL ENGINEER,SITE ENGINEER,,MAHARASHTRA,MUMBAI,9527315976,
CM/ENG/00046,RAM KUMAR,CIVIL ENGINEER,SITE ENGINEER,,MAHARASHTRA,MUMBAI,7738667794,
CM/ENG/00047,SURWASE,CIVIL ENGINEER,SITE ENGINEER,,MAHARASHTRA,MUMBAI,7387126216,
CM/ENG/00048,HARSHAL,CIVIL ENGINEER,SITE ENGINEER,,MAHARASHTRA,MUMBAI,7776005372,
CM/ENG/00049,CM/ENG/00049,CIVIL ENGINEER,SITE ENGINEER,,MAHARASHTRA,MUMBAI,7071903162,
CM/ENG/00050,CM/ENG/00050,CIVIL ENGINEER,SITE ENGINEER,,MAHARASHTRA,MUMBAI,7310185980,
CM/ENG/00051,CM/ENG/00051,CIVIL ENGINEER,SITE ENGINEER,,MAHARASHTRA,MUMBAI,9372152100,
CM/ENG/00052,CM/ENG/00052,CIVIL ENGINEER,SITE ENGINEER,,MAHARASHTRA,MUMBAI,8452971281,
CM/ENG/00053,SALMAN MULANI,CIVIL ENGINEER,SITE ENGINEER,,MAHARASHTRA,MUMBAI,8007080683,
CM/ENG/00054,SONU,CIVIL ENGINEER,SITE ENGINEER,,MAHARASHTRA,MUMBAI,9616004431,
CM/ENG/00055,CM/ENG/00055,CIVIL ENGINEER,SITE ENGINEER,,MAHARASHTRA,MUMBAI,9695844938,
CM/ENG/00056,CM/ENG/00056,CIVIL ENGINEER,SITE ENGINEER,,MAHARASHTRA,MUMBAI,8689847767,
CM/ENG/00057,CM/ENG/00057,CIVIL ENGINEER,SITE ENGINEER,,MAHARASHTRA,MUMBAI,8652303282,
CM/ENG/00058,CM/ENG/00058,CIVIL ENGINEER,SITE ENGINEER,,MAHARASHTRA,MUMBAI,6366684995,
CM/ENG/00059,CM/ENG/00059,CIVIL ENGINEER,SITE ENGINEER,,MAHARASHTRA,MUMBAI,9284983101,
CM/ENG/00060,CM/ENG/00060,CIVIL ENGINEER,SITE ENGINEER,,MAHARASHTRA,MUMBAI,9372516767,
CM/ENG/00061,CM/ENG/00061,CIVIL ENGINEER,SITE ENGINEER,,MAHARASHTRA,MUMBAI,9702210858,
CM/ENG/00062,VICKY,CIVIL ENGINEER,SITE ENGINEER,,MAHARASHTRA,MUMBAI,7021976565,
CM/ENG/00063,CM/ENG/00063,CIVIL ENGINEER,SITE ENGINEER,,MAHARASHTRA,MUMBAI,8652565680,
CM/ENG/00064,CM/ENG/00064,CIVIL ENGINEER,SITE ENGINEER,,MAHARASHTRA,MUMBAI,9960289984,
CM/ENG/00065,CM/ENG/00065,CIVIL ENGINEER,SITE ENGINEER,,MAHARASHTRA,MUMBAI,9421356787,
CM/ENG/00066,CM/ENG/00066,CIVIL ENGINEER,SITE ENGINEER,,MAHARASHTRA,MUMBAI,9664605126,
CM/ENG/00067,CM/ENG/00067,CIVIL ENGINEER,SITE ENGINEER,,MAHARASHTRA,MUMBAI,9820982948,
CM/ENG/00068,CM/ENG/00068,CIVIL ENGINEER,SITE ENGINEER,,MAHARASHTRA,MUMBAI,7021252337,
CM/ENG/00069,PRANAY,CIVIL ENGINEER,SITE ENGINEER,,MAHARASHTRA,MUMBAI,8411911907,
CM/ENG/00070,SHIV,CIVIL ENGINEER,SITE ENGINEER,,MAHARASHTRA,MUMBAI,8356041321,
CM/ENG/00071,CM/ENG/00071,CIVIL ENGINEER,SITE ENGINEER,,MAHARASHTRA,MUMBAI,8380022940,
CM/ENG/00072,CM/ENG/00072,CIVIL ENGINEER,SITE ENGINEER,,MAHARASHTRA,MUMBAI,8975435581,
CM/ENG/00073,CM/ENG/00073,CIVIL ENGINEER,SITE ENGINEER,,MAHARASHTRA,MUMBAI,9773636344,
CM/ENG/00074,CM/ENG/00074,CIVIL ENGINEER,SITE ENGINEER,,MAHARASHTRA,MUMBAI,6262629888,
CM/ENG/00075,YOGI,CIVIL ENGINEER,SITE ENGINEER,,MAHARASHTRA,MUMBAI,7758904876,
CM/ENG/00076,SHARIF,CIVIL ENGINEER,SITE ENGINEER,,MAHARASHTRA,MUMBAI,7021604436,
CM/ENG/00077,ISHAN,CIVIL ENGINEER,SITE ENGINEER,,MAHARASHTRA,MUMBAI,7906380267,
CM/ENG/00078,NAVJYOT,CIVIL ENGINEER,SITE ENGINEER,,MAHARASHTRA,MUMBAI,8806468694,
CM/ENG/00079,CM/ENG/00079,CIVIL ENGINEER,SITE ENGINEER,,MAHARASHTRA,MUMBAI,8291375561,
CM/ENG/00080,CM/ENG/00080,CIVIL ENGINEER,SITE ENGINEER,,MAHARASHTRA,MUMBAI,8698434956,
CM/ENG/00081,CM/ENG/00081,CIVIL ENGINEER,SITE ENGINEER,,MAHARASHTRA,MUMBAI,7045245013,
CM/ENG/00082,PRAJAPATI,CIVIL ENGINEER,SITE ENGINEER,,MAHARASHTRA,MUMBAI,7318200968,
CM/ENG/00083,A J SHAH,CIVIL ENGINEER,SITE ENGINEER,,MAHARASHTRA,MUMBAI,8421103596,
CM/ENG/00084,A K SINGH,CIVIL ENGINEER,SITE ENGINEER,,MAHARASHTRA,MUMBAI,7055133098,
CM/ENG/00085,CM/ENG/00085,CIVIL ENGINEER,SITE ENGINEER,,MAHARASHTRA,MUMBAI,9702124335,
CM/ENG/00086,CM/ENG/00086,CIVIL ENGINEER,SITE ENGINEER,,MAHARASHTRA,MUMBAI,9867619059,
CM/ENG/00087,AKASH,CIVIL ENGINEER,SITE ENGINEER,,MAHARASHTRA,MUMBAI,9619897071,
CM/ENG/00088,AMIR SOHAIL,CIVIL ENGINEER,SITE ENGINEER,,MAHARASHTRA,MUMBAI,8228915383,
CM/ENG/00089,ARIF SIDDIQUI,CIVIL ENGINEER,SITE ENGINEER,,MAHARASHTRA,MUMBAI,9112866185,
CM/ENG/00090,ARTI KANOJIYA,CIVIL ENGINEER,SITE ENGINEER,,MAHARASHTRA,MUMBAI,9702852238,
CM/ENG/00091,ATIF SAYYED,CIVIL ENGINEER,SITE ENGINEER,,MAHARASHTRA,MUMBAI,9967227129,
CM/ENG/00092,CM/ENG/00092,CIVIL ENGINEER,SITE ENGINEER,,MAHARASHTRA,MUMBAI,9720803971,
CM/ENG/00093,AB HAQ,CIVIL ENGINEER,SITE ENGINEER,,MAHARASHTRA,MUMBAI,8789339758,
CM/ENG/00094,AB MANNAN,CIVIL ENGINEER,SITE ENGINEER,,MAHARASHTRA,MUMBAI,9873326652,
CM/ENG/00095,ABDULLAH,CIVIL ENGINEER,SITE ENGINEER,,MAHARASHTRA,MUMBAI,9834123406,
CM/ENG/00096,ABDULLAH SHAIKH,CIVIL ENGINEER,SITE ENGINEER,,MAHARASHTRA,MUMBAI,9987043638,
CM/ENG/00097,ABHAY DUBE,CIVIL ENGINEER,SITE ENGINEER,,MAHARASHTRA,MUMBAI,8826040671,
CM/ENG/00098,ABHAY PATHAK,CIVIL ENGINEER,SITE ENGINEER,,MAHARASHTRA,MUMBAI,8421829469,
CM/ENG/00099,ABHAY,CIVIL ENGINEER,PLANNING ENGINEER,,MAHARASHTRA,MUMBAI,7039756090,
CM/ENG/00100,ABHI,CIVIL ENGINEER,SITE ENGINEER,,MAHARASHTRA,MUMBAI,8087789039,
CM/ENG/00101,ABHIJIT KAMBLE,CIVIL ENGINEER,SITE ENGINEER,,MAHARASHTRA,MUMBAI,9008673783,
CM/ENG/00102,ABHISHEK,CIVIL ENGINEER,SITE ENGINEER,,MAHARASHTRA,MUMBAI,9867638947,
CM/ENG/00103,ABUZAR KHAN,CIVIL ENGINEER,SITE ENGINEER,,MAHARASHTRA,MUMBAI,8115887377,
CM/ENG/00104,ADESH,CIVIL ENGINEER,SITE ENGINEER,,MAHARASHTRA,MUMBAI,7722002248,
CM/ENG/00105,ADINATH,CIVIL ENGINEER,SITE ENGINEER,,MAHARASHTRA,MUMBAI,9307902932,
CM/ENG/00106,ADI KAMBLE,CIVIL ENGINEER,SITE ENGINEER,,MAHARASHTRA,MUMBAI,8652187567,
CM/ENG/00107,ADITYA,CIVIL ENGINEER,SITE ENGINEER,,MAHARASHTRA,MUMBAI,9820017994,
CM/ENG/00108,ADITYA DIPAK,CIVIL ENGINEER,SITE ENGINEER,,MAHARASHTRA,MUMBAI,8432934141,
CM/ENG/00109,ADITYA PRAJAPATI,CIVIL ENGINEER,SITE ENGINEER,,MAHARASHTRA,MUMBAI,9145267104,
CM/ENG/00110,AEJAZ,CIVIL ENGINEER,SITE ENGINEER,,MAHARASHTRA,MUMBAI,6362335106,
CM/ENG/00111,AFTAB,CIVIL ENGINEER,SITE ENGINEER,,MAHARASHTRA,MUMBAI,6287566515,
CM/ENG/00112,AFTAB KHAN,CIVIL ENGINEER,SITE ENGINEER,,MAHARASHTRA,MUMBAI,9867696140,
CM/ENG/00113,AFTAB SHAIKH,CIVIL ENGINEER,SITE ENGINEER,,MAHARASHTRA,MUMBAI,9833355979,
CM/ENG/00114,AGARWAL,CIVIL ENGINEER,SITE ENGINEER,,MAHARASHTRA,MUMBAI,8219563684,
CM/ENG/00115,AINAM,CIVIL ENGINEER,SITE ENGINEER,,MAHARASHTRA,MUMBAI,9930639043,
CM/ENG/00116,AISHWARIYA,CIVIL ENGINEER,SITE ENGINEER,,MAHARASHTRA,MUMBAI,9421099742,
CM/ENG/00117,CM/ENG/00117,CIVIL ENGINEER,SITE ENGINEER,,MAHARASHTRA,MUMBAI,8381078396,
CM/ENG/00118,AJAY,CIVIL ENGINEER,SITE ENGINEER,,MAHARASHTRA,MUMBAI,9930869704,
CM/ENG/00119,AJAY ALOK,CIVIL ENGINEER,SITE ENGINEER,,MAHARASHTRA,MUMBAI,7631731711,
CM/ENG/00120,AJAY BHARDWAJ,CIVIL ENGINEER,SITE ENGINEER,,MAHARASHTRA,MUMBAI,8898582362,
CM/ENG/00121,AJAY PATLEY,CIVIL ENGINEER,SITE ENGINEER,,MAHARASHTRA,MUMBAI,8308486033,
CM/ENG/00122,AJIT KUMAR,CIVIL ENGINEER,SITE ENGINEER,,MAHARASHTRA,MUMBAI,7322819197,
CM/ENG/00123,AKASH,CIVIL ENGINEER,SITE ENGINEER,,MAHARASHTRA,MUMBAI,8423325598,
CM/ENG/00124,AKASH MISHRA,CIVIL ENGINEER,SITE ENGINEER,,MAHARASHTRA,MUMBAI,8591500106,
CM/ENG/00125,AKASH SHINDE,CIVIL ENGINEER,SITE ENGINEER,,MAHARASHTRA,MUMBAI,9137050053,
CM/ENG/00126,AKASH,CIVIL ENGINEER,SITE ENGINEER,,MAHARASHTRA,MUMBAI,8830428882,
CM/ENG/00127,AKMAL KHAN,CIVIL ENGINEER,SITE ENGINEER,,MAHARASHTRA,MUMBAI,8454067623,
CM/ENG/00128,AKRAM SHAIKH,CIVIL ENGINEER,SITE ENGINEER,,MAHARASHTRA,MUMBAI,9594657847,
CM/ENG/00129,AKSHAY,CIVIL ENGINEER,SITE ENGINEER,,MAHARASHTRA,MUMBAI,8689850016,
CM/ENG/00130,AKSHAY,CIVIL ENGINEER,SITE ENGINEER,,MAHARASHTRA,MUMBAI,8652105908,
CM/ENG/00131,AKSHAY PATIL,CIVIL ENGINEER,SITE ENGINEER,,MAHARASHTRA,MUMBAI,9730577208,
CM/ENG/00132,AKSHAY PATIL,CIVIL ENGINEER,SITE ENGINEER,,MAHARASHTRA,MUMBAI,7028305018,
CM/ENG/00133,AKSHAY SHINDE,CIVIL ENGINEER,SITE ENGINEER,,MAHARASHTRA,MUMBAI,9834641692,
CM/ENG/00134,AKSHAY,CIVIL ENGINEER,SITE ENGINEER,,MAHARASHTRA,MUMBAI,9987940686,
CM/ENG/00135,AKSHAY UTEKAR,CIVIL ENGINEER,SITE ENGINEER,,MAHARASHTRA,MUMBAI,8286335695,
CM/ENG/00136,ALAM,CIVIL ENGINEER,SITE ENGINEER,,MAHARASHTRA,MUMBAI,9517392177,
CM/ENG/00137,ALI RASOOL,CIVIL ENGINEER,SITE ENGINEER,,MAHARASHTRA,MUMBAI,7765873233,
CM/ENG/00138,ALEEM SHAIKH,CIVIL ENGINEER,SITE ENGINEER,,MAHARASHTRA,MUMBAI,6390236609,
CM/ENG/00139,ALOK TIWARI,CIVIL ENGINEER,SITE ENGINEER,,MAHARASHTRA,MUMBAI,7977494274,
CM/ENG/00140,AMAN TRIPATHI,CIVIL ENGINEER,SITE ENGINEER,,MAHARASHTRA,MUMBAI,8181802492,
CM/ENG/00141,AMAN UPADHYAY,CIVIL ENGINEER,SITE ENGINEER,,MAHARASHTRA,MUMBAI,9519798230,
CM/ENG/00142,AMAN YADAV,CIVIL ENGINEER,SITE ENGINEER,,MAHARASHTRA,MUMBAI,7355673998,
CM/ENG/00143,AMAR KALKE,CIVIL ENGINEER,SITE ENGINEER,,MAHARASHTRA,MUMBAI,9664713240,
CM/ENG/00144,AMARJEET PRAJAPATI,CIVIL ENGINEER,SITE ENGINEER,,MAHARASHTRA,MUMBAI,7458027310,
CM/ENG/00145,AMER SOHEL SHAIKH,CIVIL ENGINEER,SITE ENGINEER,,MAHARASHTRA,MUMBAI,7021465826,
CM/ENG/00146,AMIT,CIVIL ENGINEER,SITE ENGINEER,,MAHARASHTRA,MUMBAI,9860899469,
CM/ENG/00147,AMIT,CIVIL ENGINEER,SITE ENGINEER,,MAHARASHTRA,MUMBAI,8692955635,
CM/ENG/00148,AMIT JAISWAL,CIVIL ENGINEER,SITE ENGINEER,,MAHARASHTRA,MUMBAI,9119804607,
CM/ENG/00149,AMIT SINGH,CIVIL ENGINEER,SITE ENGINEER,,MAHARASHTRA,MUMBAI,7895957691,
CM/ENG/00150,AMIT YADAV,CIVIL ENGINEER,SITE ENGINEER,,MAHARASHTRA,MUMBAI,9520514111,
CM/ENG/00151,AMMAR BAMNE,CIVIL ENGINEER,SITE ENGINEER,,MAHARASHTRA,MUMBAI,8268336923,
CM/ENG/00152,AMEY,CIVIL ENGINEER,SITE ENGINEER,,MAHARASHTRA,MUMBAI,8421558832,
CM/ENG/00153,AMOL,CIVIL ENGINEER,SITE ENGINEER,,MAHARASHTRA,MUMBAI,7385385501,
CM/ENG/00154,AMOL ALDAR,CIVIL ENGINEER,SITE ENGINEER,,MAHARASHTRA,MUMBAI,7378614271,
CM/ENG/00155,ANAND DUBEY,CIVIL ENGINEER,SITE ENGINEER,,MAHARASHTRA,MUMBAI,9892496010,
CM/ENG/00156,ANAND GUPTA,CIVIL ENGINEER,SITE ENGINEER,,MAHARASHTRA,MUMBAI,9472154913,
CM/ENG/00157,ANAND ORASE,CIVIL ENGINEER,SITE ENGINEER,,MAHARASHTRA,MUMBAI,9730994040,
CM/ENG/00158,ANAND PATIL,CIVIL ENGINEER,SITE ENGINEER,,MAHARASHTRA,MUMBAI,8975757620,
CM/ENG/00159,ANEESH,CIVIL ENGINEER,SITE ENGINEER,,MAHARASHTRA,MUMBAI,8240908730,
CM/ENG/00160,ANIKET,CIVIL ENGINEER,SITE ENGINEER,,MAHARASHTRA,MUMBAI,9112927162,
CM/ENG/00161,ANIKET NAVARE,CIVIL ENGINEER,SITE ENGINEER,,MAHARASHTRA,MUMBAI,9324489266,
CM/ENG/00162,ANIKET SHINGADE,CIVIL ENGINEER,SITE ENGINEER,,MAHARASHTRA,MUMBAI,8454976280,
CM/ENG/00163,ANIKET VASANT,CIVIL ENGINEER,SITE ENGINEER,,MAHARASHTRA,MUMBAI,9619891648,
CM/ENG/00164,ANIKET,CIVIL ENGINEER,SITE ENGINEER,,MAHARASHTRA,MUMBAI,8657370910,
CM/ENG/00165,ADIL AHIRE,CIVIL ENGINEER,SITE ENGINEER,,MAHARASHTRA,MUMBAI,7738640745,
CM/ENG/00166,ANIL KUMAR VARMA,CIVIL ENGINEER,SITE ENGINEER,,MAHARASHTRA,MUMBAI,8451043703,
CM/ENG/00167,ANIRUDDH PALANDE,CIVIL ENGINEER,SITE ENGINEER,,MAHARASHTRA,MUMBAI,8108701959,
CM/ENG/00168,ANJUM KHAN,CIVIL ENGINEER,SITE ENGINEER,,MAHARASHTRA,MUMBAI,9890143157,
CM/ENG/00169,ANKIT,CIVIL ENGINEER,SITE ENGINEER,,MAHARASHTRA,MUMBAI,8931055620,
CM/ENG/00170,ANKIT,CIVIL ENGINEER,SITE ENGINEER,,MAHARASHTRA,MUMBAI,9595130943,
CM/ENG/00171,ANKIT WAGH,CIVIL ENGINEER,SITE ENGINEER,,MAHARASHTRA,MUMBAI,8055630048,
CM/ENG/00172,ANNA SHINDE,CIVIL ENGINEER,SITE ENGINEER,,MAHARASHTRA,MUMBAI,9730131122,
CM/ENG/00173,CM/ENG/00173,CIVIL ENGINEER,SITE ENGINEER,,MAHARASHTRA,MUMBAI,7021669117,
CM/ENG/00174,ANSARI AQIB,CIVIL ENGINEER,SITE ENGINEER,,MAHARASHTRA,MUMBAI,9309726892,
CM/ENG/00175,ANUJ SHUKLA,CIVIL ENGINEER,SITE ENGINEER,,MAHARASHTRA,MUMBAI,7652061339,
CM/ENG/00176,ANUP ,CIVIL ENGINEER,SITE ENGINEER,,MAHARASHTRA,MUMBAI,8779593749,
CM/ENG/00177,ANWARUL HAQ,CIVIL ENGINEER,SITE ENGINEER,,MAHARASHTRA,MUMBAI,8928234526,
CM/ENG/00178,AQIB JAVED,CIVIL ENGINEER,SITE ENGINEER,,MAHARASHTRA,MUMBAI,8779591981,
CM/ENG/00179,ARAAZ ,CIVIL ENGINEER,SITE ENGINEER,,MAHARASHTRA,MUMBAI,7066881260,
CM/ENG/00180,ARIJIT BOSE,CIVIL ENGINEER,SITE ENGINEER,,MAHARASHTRA,MUMBAI,6291623096,
CM/ENG/00181,ARJUN,CIVIL ENGINEER,SITE ENGINEER,,MAHARASHTRA,MUMBAI,7398194532,
CM/ENG/00182,ARJUN JAGADALE,CIVIL ENGINEER,SITE ENGINEER,,MAHARASHTRA,MUMBAI,9326386025,
CM/ENG/00183,ARJUN PATIL,CIVIL ENGINEER,SITE ENGINEER,,MAHARASHTRA,MUMBAI,9130420054,
CM/ENG/00184,ARMAN ,CIVIL ENGINEER,SITE ENGINEER,,MAHARASHTRA,MUMBAI,8208689143,
CM/ENG/00185,ARMAN ,CIVIL ENGINEER,SITE ENGINEER,,MAHARASHTRA,MUMBAI,8791476477,
CM/ENG/00186,ARUN SINGH,CIVIL ENGINEER,SITE ENGINEER,,MAHARASHTRA,MUMBAI,9833810588,
CM/ENG/00187,AROOP CHAUDHRY,CIVIL ENGINEER,SITE ENGINEER,,MAHARASHTRA,MUMBAI,8235524202,
CM/ENG/00188,ASAD,CIVIL ENGINEER,SITE ENGINEER,,MAHARASHTRA,MUMBAI,8286639929,
CM/ENG/00189,ASGAR SHAIKH,CIVIL ENGINEER,SITE ENGINEER,,MAHARASHTRA,MUMBAI,9029395915,
CM/ENG/00190,ASGHAR,CIVIL ENGINEER,SITE ENGINEER,,MAHARASHTRA,MUMBAI,9920948291,
CM/ENG/00191,CM/ENG/00191,CIVIL ENGINEER,SITE ENGINEER,,MAHARASHTRA,MUMBAI,7021682060,
CM/ENG/00192,CM/ENG/00192,CIVIL ENGINEER,SITE ENGINEER,,MAHARASHTRA,MUMBAI,9309715103,
CM/ENG/00193,ASHIK KARIM,CIVIL ENGINEER,SITE ENGINEER,,MAHARASHTRA,MUMBAI,9721996357,
CM/ENG/00194,ASHISH GAIKWAD,CIVIL ENGINEER,SITE ENGINEER,,MAHARASHTRA,MUMBAI,8097628005,
CM/ENG/00195,ASHOK KUMAR,CIVIL ENGINEER,SITE ENGINEER,,MAHARASHTRA,MUMBAI,6005223125,
CM/ENG/00196,ASHOK KUMAR,CIVIL ENGINEER,SITE ENGINEER,,MAHARASHTRA,MUMBAI,8828070821,
CM/ENG/00197,ASIF KAZMI,CIVIL ENGINEER,SITE ENGINEER,,MAHARASHTRA,MUMBAI,8451077118,
CM/ENG/00198,ASIF SOHAIL,CIVIL ENGINEER,SITE ENGINEER,,MAHARASHTRA,MUMBAI,8976737436,
CM/ENG/00199,ASIF KHAN,CIVIL ENGINEER,SITE ENGINEER,,MAHARASHTRA,MUMBAI,8850479730,
CM/ENG/00200,ASIF SHAIKH,CIVIL ENGINEER,SITE ENGINEER,,MAHARASHTRA,MUMBAI,9373510723,
CM/ENG/00201,ASJAD SHAIKH,CIVIL ENGINEER,SITE ENGINEER,,MAHARASHTRA,MUMBAI,7875858968,
CM/ENG/00202,ASLAM ALAM,CIVIL ENGINEER,SITE ENGINEER,,MAHARASHTRA,MUMBAI,6201833769,
CM/ENG/00203,ASRAR AHMAD,CIVIL ENGINEER,SITE ENGINEER,,MAHARASHTRA,MUMBAI,8318086497,
CM/ENG/00204,ATHAR,CIVIL ENGINEER,SITE ENGINEER,,MAHARASHTRA,MUMBAI,9102178059,
CM/ENG/00205,ATHRVA SHIRKE,CIVIL ENGINEER,SITE ENGINEER,,MAHARASHTRA,MUMBAI,9324445834,
CM/ENG/00206,ATISH,CIVIL ENGINEER,SITE ENGINEER,,MAHARASHTRA,MUMBAI,8291043024,
CM/ENG/00207,ATUL KISHOR,CIVIL ENGINEER,SITE ENGINEER,,MAHARASHTRA,MUMBAI,8879091737,
CM/ENG/00208,ATUL KUMAR,CIVIL ENGINEER,SITE ENGINEER,,MAHARASHTRA,MUMBAI,8092054022,
CM/ENG/00209,ATUL SHRIVASTAV,CIVIL ENGINEER,SITE ENGINEER,,MAHARASHTRA,MUMBAI,9717982677,
CM/ENG/00210,CM/ENG/00210,CIVIL ENGINEER,SITE ENGINEER,,MAHARASHTRA,MUMBAI,9152826363,
CM/ENG/00211,CM/ENG/00211,CIVIL ENGINEER,SITE ENGINEER,,MAHARASHTRA,MUMBAI,8005745389,
CM/ENG/00212,CM/ENG/00212,CIVIL ENGINEER,SITE ENGINEER,,MAHARASHTRA,MUMBAI,9930546444,
CM/ENG/00213,AVINASH,CIVIL ENGINEER,SITE ENGINEER,,MAHARASHTRA,MUMBAI,9130131056,
CM/ENG/00214,AVINASH,CIVIL ENGINEER,SITE ENGINEER,,MAHARASHTRA,MUMBAI,9075873115,
CM/ENG/00215,AYYUB,CIVIL ENGINEER,SITE ENGINEER,,MAHARASHTRA,MUMBAI,8087514186,
CM/ENG/00216,AZHAR,CIVIL ENGINEER,SITE ENGINEER,,MAHARASHTRA,MUMBAI,8197188079,
CM/ENG/00217,AZHAR,CIVIL ENGINEER,SITE ENGINEER,,MAHARASHTRA,MUMBAI,8317559215,
CM/ENG/00218,AZHARUDDIN,CIVIL ENGINEER,SITE ENGINEER,,MAHARASHTRA,MUMBAI,8884116347,
CM/ENG/00219,CM/ENG/00219,CIVIL ENGINEER,SITE ENGINEER,,MAHARASHTRA,MUMBAI,7038228085,
CM/ENG/00220,CM/ENG/00220,CIVIL ENGINEER,SITE ENGINEER,,MAHARASHTRA,MUMBAI,9220190621,
CM/ENG/00221,BADSHA KHAN,CIVIL ENGINEER,SITE ENGINEER,,MAHARASHTRA,MUMBAI,7723915365,
CM/ENG/00222,BAJRANG BIDGAR,CIVIL ENGINEER,SITE ENGINEER,,MAHARASHTRA,MUMBAI,8452884245,
CM/ENG/00223,BASANT,CIVIL ENGINEER,SITE ENGINEER,,MAHARASHTRA,MUMBAI,7377629291,
CM/ENG/00224,BECHU YADAV,CIVIL ENGINEER,SITE ENGINEER,,MAHARASHTRA,MUMBAI,8299842243,
CM/ENG/00225,BHAGVATE VASUDEVAY,CIVIL ENGINEER,SITE ENGINEER,,MAHARASHTRA,MUMBAI,9321498659,
CM/ENG/00226,CM/ENG/00226,CIVIL ENGINEER,SITE ENGINEER,,MAHARASHTRA,MUMBAI,6393239825,
CM/ENG/00227,BHASKAR,CIVIL ENGINEER,SITE ENGINEER,,MAHARASHTRA,MUMBAI,9670726294,
CM/ENG/00228,BHOLA SINGH,CIVIL ENGINEER,SITE ENGINEER,,MAHARASHTRA,MUMBAI,9765485083,
CM/ENG/00229,BHOLE SHANKAR,CIVIL ENGINEER,SITE ENGINEER,,MAHARASHTRA,MUMBAI,8879840775,
CM/ENG/00230,BHUSHAN SHIRVADKAR,CIVIL ENGINEER,SITE ENGINEER,,MAHARASHTRA,MUMBAI,7499755623,
CM/ENG/00231,BILAL PARIHAR,CIVIL ENGINEER,SITE ENGINEER,,MAHARASHTRA,MUMBAI,9166596461,
CM/ENG/00232,BIPIN ,CIVIL ENGINEER,SITE ENGINEER,,MAHARASHTRA,MUMBAI,9769634748,
CM/ENG/00233,BRAJESH KUMAR,CIVIL ENGINEER,SITE ENGINEER,,MAHARASHTRA,MUMBAI,7507442068,
CM/ENG/00234,BRIJESH GIRI,CIVIL ENGINEER,SITE ENGINEER,,MAHARASHTRA,MUMBAI,8108935592,
CM/ENG/00235,CM/ENG/00235,CIVIL ENGINEER,SITE ENGINEER,,MAHARASHTRA,MUMBAI,8346995046,
CM/ENG/00236,BUNNY,CIVIL ENGINEER,SITE ENGINEER,,MAHARASHTRA,MUMBAI,9820857361,
CM/ENG/00237,CHANDRA SHEKHAR,CIVIL ENGINEER,SITE ENGINEER,,MAHARASHTRA,MUMBAI,7972995801,
CM/ENG/00238,CHAUHAN RAVINDRA,CIVIL ENGINEER,SITE ENGINEER,,MAHARASHTRA,MUMBAI,8726855712,
CM/ENG/00239,CM/ENG/00239,CIVIL ENGINEER,SITE ENGINEER,,MAHARASHTRA,MUMBAI,9769604234,
CM/ENG/00240,CHVAN DURYODHAN,CIVIL ENGINEER,SITE ENGINEER,,MAHARASHTRA,MUMBAI,8689883668,
CM/ENG/00241,CHAVAN VISHAL,CIVIL ENGINEER,SITE ENGINEER,,MAHARASHTRA,MUMBAI,9359389509,
CM/ENG/00242,CHINMAY MURANJAN,CIVIL ENGINEER,SITE ENGINEER,,MAHARASHTRA,MUMBAI,9930613676,
CM/ENG/00243,CM/ENG/00243,CIVIL ENGINEER,SITE ENGINEER,,MAHARASHTRA,MUMBAI,7887564784,
CM/ENG/00244,CM/ENG/00244,CIVIL ENGINEER,SITE ENGINEER,,MAHARASHTRA,MUMBAI,9198702497,
CM/ENG/00245,SAUD,CIVIL ENGINEER,SITE ENGINEER,,MAHARASHTRA,MUMBAI,8109091235,
CM/ENG/00246,CM/ENG/00246,CIVIL ENGINEER,SITE ENGINEER,,MAHARASHTRA,MUMBAI,7506483741,
CM/ENG/00247,CM/ENG/00247,CIVIL ENGINEER,SITE ENGINEER,,MAHARASHTRA,MUMBAI,8329256862,
CM/ENG/00248,D K MAURYA,CIVIL ENGINEER,SITE ENGINEER,,MAHARASHTRA,MUMBAI,6393297954,
CM/ENG/00249,SAMANTA,CIVIL ENGINEER,SITE ENGINEER,,MAHARASHTRA,MUMBAI,9734620276,
CM/ENG/00250,DANISH ALI,CIVIL ENGINEER,SITE ENGINEER,,MAHARASHTRA,MUMBAI,7977439024,
CM/ENG/00251,Danish ansari,CIVIL ENGINEER,SITE ENGINEER,,MAHARASHTRA,MUMBAI,+91 97628 18401,
CM/ENG/00252,Danish khan,CIVIL ENGINEER,SITE ENGINEER,,MAHARASHTRA,MUMBAI,+91 97545 88438,
CM/ENG/00253,Danish raza,CIVIL ENGINEER,SITE ENGINEER,,MAHARASHTRA,MUMBAI,+91 75440 08092,
CM/ENG/00254,CM/ENG/00254,CIVIL ENGINEER,SITE ENGINEER,,MAHARASHTRA,MUMBAI,+91 99223 51376,
CM/ENG/00255,CM/ENG/00255,CIVIL ENGINEER,SITE ENGINEER,,MAHARASHTRA,MUMBAI,+91 93593 19537,
CM/ENG/00256,CM/ENG/00256,CIVIL ENGINEER,SITE ENGINEER,,MAHARASHTRA,MUMBAI,+91 83294 43993,
CM/ENG/00257,Deepak mishra,CIVIL ENGINEER,SITE ENGINEER,,MAHARASHTRA,MUMBAI,+91 97668 09019,
CM/ENG/00258,Deepak shinde,CIVIL ENGINEER,SITE ENGINEER,,MAHARASHTRA,MUMBAI,+91 77440 29515,
CM/ENG/00259,CM/ENG/00259,CIVIL ENGINEER,SITE ENGINEER,,MAHARASHTRA,MUMBAI,+91 87888 97395,
CM/ENG/00260,Dhananjay rajput,CIVIL ENGINEER,SITE ENGINEER,,MAHARASHTRA,MUMBAI,+91 97306 18592,
CM/ENG/00261,Dhananjay singh,CIVIL ENGINEER,SITE ENGINEER,,MAHARASHTRA,MUMBAI,+91 70216 36183,
CM/ENG/00262,CM/ENG/00262,CIVIL ENGINEER,SITE ENGINEER,,MAHARASHTRA,MUMBAI,+91 91367 05928,
CM/ENG/00263,Dharmendra,CIVIL ENGINEER,SITE ENGINEER,,MAHARASHTRA,MUMBAI,+91 84259 33759,
CM/ENG/00264,Dheeraj,CIVIL ENGINEER,SITE ENGINEER,,MAHARASHTRA,MUMBAI,+91 96649 97706,
CM/ENG/00265,Dhruv shukla,CIVIL ENGINEER,SITE ENGINEER,,MAHARASHTRA,MUMBAI,+91 79874 17510,
CM/ENG/00266,Dilip baranwal,CIVIL ENGINEER,SITE ENGINEER,,MAHARASHTRA,MUMBAI,+91 82521 09323,
CM/ENG/00267,Dilip tiwari,CIVIL ENGINEER,SITE ENGINEER,,MAHARASHTRA,MUMBAI,+91 87709 38556,
CM/ENG/00268,Dilshad alam,CIVIL ENGINEER,SITE ENGINEER,,MAHARASHTRA,MUMBAI,+91 95468 60371,
CM/ENG/00269,Dinesh kumar,CIVIL ENGINEER,SITE ENGINEER,,MAHARASHTRA,MUMBAI,+91 82681 55194,
CM/ENG/00270,Dinesh mishra,CIVIL ENGINEER,SITE ENGINEER,,MAHARASHTRA,MUMBAI,+91 80974 65890,
CM/ENG/00271,Dipesh hingu,CIVIL ENGINEER,SITE ENGINEER,,MAHARASHTRA,MUMBAI,+91 79777 05669,
CM/ENG/00272,Dipu pal,CIVIL ENGINEER,SITE ENGINEER,,MAHARASHTRA,MUMBAI,+91 90830 91267,
CM/ENG/00273,Dipu,CIVIL ENGINEER,SITE ENGINEER,,MAHARASHTRA,MUMBAI,+91 97224 82948,
CM/ENG/00274,Dishank gada,CIVIL ENGINEER,SITE ENGINEER,,MAHARASHTRA,MUMBAI,+91 81082 90873,
CM/ENG/00275,Dishank kurhade,CIVIL ENGINEER,SITE ENGINEER,,MAHARASHTRA,MUMBAI,+91 93220 94787,
CM/ENG/00276,Divyansh,CIVIL ENGINEER,SITE ENGINEER,,MAHARASHTRA,MUMBAI,+91 70680 02218,
CM/ENG/00277,Diwakar,CIVIL ENGINEER,SITE ENGINEER,,MAHARASHTRA,MUMBAI,+91 91676 62945,
CM/ENG/00278,Gupta,CIVIL ENGINEER,SITE ENGINEER,,MAHARASHTRA,MUMBAI,+91 97927 94486,
CM/ENG/00279,CM/ENG/00279,CIVIL ENGINEER,SITE ENGINEER,,MAHARASHTRA,MUMBAI,+91 84529 69871,
CM/ENG/00280,Durgesh navale,CIVIL ENGINEER,SITE ENGINEER,,MAHARASHTRA,MUMBAI,+91 96657 71100,
CM/ENG/00281,Durgesh yadav,CIVIL ENGINEER,SITE ENGINEER,,MAHARASHTRA,MUMBAI,+91 93255 38401,
CM/ENG/00282,Eknaath,CIVIL ENGINEER,SITE ENGINEER,,MAHARASHTRA,MUMBAI,+91 91307 15086,
CM/ENG/00283,CM/ENG/00283,CIVIL ENGINEER,SITE ENGINEER,,MAHARASHTRA,MUMBAI,+91 63975 78823,
CM/ENG/00284,Farman ali,CIVIL ENGINEER,SITE ENGINEER,,MAHARASHTRA,MUMBAI,+91 79704 46963,
CM/ENG/00285,Adarsh,CIVIL ENGINEER,SITE ENGINEER,,MAHARASHTRA,MUMBAI,+91 75189 78153,
CM/ENG/00286,Amir khan,CIVIL ENGINEER,SITE ENGINEER,,MAHARASHTRA,MUMBAI,+91 84335 70499,
CM/ENG/00287,Aniruddha,CIVIL ENGINEER,SITE ENGINEER,,MAHARASHTRA,MUMBAI,+91 95886 85923,
CM/ENG/00288,Ashutosh,CIVIL ENGINEER,SITE ENGINEER,,MAHARASHTRA,MUMBAI,+91 91576 30358,
CM/ENG/00289,Dheeraj,CIVIL ENGINEER,SITE ENGINEER,,MAHARASHTRA,MUMBAI,+91 84180 78225,
CM/ENG/00290,Jitendra singh,CIVIL ENGINEER,SITE ENGINEER,,MAHARASHTRA,MUMBAI,+91 88773 21382,
CM/ENG/00291,CM/ENG/00291,CIVIL ENGINEER,SITE ENGINEER,,MAHARASHTRA,MUMBAI,+91 72045 62676,
CM/ENG/00292,Mohammad,CIVIL ENGINEER,SITE ENGINEER,,MAHARASHTRA,MUMBAI,+91 78603 00169,
CM/ENG/00293,Saif sheikh,CIVIL ENGINEER,SITE ENGINEER,,MAHARASHTRA,MUMBAI,+91 72758 04374,
CM/ENG/00294,Sarvesh dubey,CIVIL ENGINEER,SITE ENGINEER,,MAHARASHTRA,MUMBAI,+91 63919 26904,
CM/ENG/00295,Shiv,CIVIL ENGINEER,SITE ENGINEER,,MAHARASHTRA,MUMBAI,+91 70211 73727,
CM/ENG/00296,Sonu chauhan,CIVIL ENGINEER,SITE ENGINEER,,MAHARASHTRA,MUMBAI,+91 70849 15270,
CM/ENG/00297,Vivek wakaskar,CIVIL ENGINEER,SITE ENGINEER,,MAHARASHTRA,MUMBAI,+91 99237 14246,
CM/ENG/00298,Wajahat ali,CIVIL ENGINEER,SITE ENGINEER,,MAHARASHTRA,MUMBAI,+91 95187 10954,
CM/ENG/00299,Wasim khan,CIVIL ENGINEER,SITE ENGINEER,,MAHARASHTRA,MUMBAI,+91 86930 31183,
CM/ENG/00300,Imran,CIVIL ENGINEER,SITE ENGINEER,,MAHARASHTRA,MUMBAI,+91 98928 52341,
CM/ENG/00301,Anil jadhav,CIVIL ENGINEER,SITE ENGINEER,,MAHARASHTRA,MUMBAI,+91 79723 98645,
CM/ENG/00302,CM/ENG/00302,CIVIL ENGINEER,SITE ENGINEER,,MAHARASHTRA,MUMBAI,+91 77381 22402,
CM/ENG/00303,CM/ENG/00303,CIVIL ENGINEER,SITE ENGINEER,,MAHARASHTRA,MUMBAI,+91 87792 55050,
CM/ENG/00304,Md junaid,CIVIL ENGINEER,SITE ENGINEER,,MAHARASHTRA,MUMBAI,+91 90496 66528,
CM/ENG/00305,Md sajid,CIVIL ENGINEER,SITE ENGINEER,,MAHARASHTRA,MUMBAI,+91 88508 68073,
CM/ENG/00306,Mujtaba,CIVIL ENGINEER,SITE ENGINEER,,MAHARASHTRA,MUMBAI,+91 97694 41741,
CM/ENG/00307,Pradum,CIVIL ENGINEER,SITE ENGINEER,,MAHARASHTRA,MUMBAI,+91 96611 57284,
CM/ENG/00308,Sainath ,CIVIL ENGINEER,SITE ENGINEER,,MAHARASHTRA,MUMBAI,+91 99203 67614,
CM/ENG/00309,Sugrim ,CIVIL ENGINEER,SITE ENGINEER,,MAHARASHTRA,MUMBAI,+91 91610 40334,
CM/ENG/00310,CM/ENG/00310,CIVIL ENGINEER,SITE ENGINEER,,MAHARASHTRA,MUMBAI,+91 88881 30560,
CM/ENG/00311,Vaibhav,CIVIL ENGINEER,SITE ENGINEER,,MAHARASHTRA,MUMBAI,+91 93248 93847,
CM/ENG/00312,Ab qadir,CIVIL ENGINEER,SITE ENGINEER,,MAHARASHTRA,MUMBAI,+91 82372 46172,
CM/ENG/00313,CM/ENG/00313,CIVIL ENGINEER,SITE ENGINEER,,MAHARASHTRA,MUMBAI,+91 74001 89871,
CM/ENG/00314,Dhananjay,CIVIL ENGINEER,SITE ENGINEER,,MAHARASHTRA,MUMBAI,+91 63922 62052,
CM/ENG/00315,Irfan ansari,CIVIL ENGINEER,SITE ENGINEER,,MAHARASHTRA,MUMBAI,+91 77628 27950,
CM/ENG/00316,Kaif hussain,CIVIL ENGINEER,SITE ENGINEER,,MAHARASHTRA,MUMBAI,+91 86929 17013,
CM/ENG/00317,Mohd nasir,CIVIL ENGINEER,SITE ENGINEER,,MAHARASHTRA,MUMBAI,+91 89350 07620,
CM/ENG/00318,Pravin ,CIVIL ENGINEER,SITE ENGINEER,,MAHARASHTRA,MUMBAI,+91 82867 38838,
CM/ENG/00319,Rizwan khan,CIVIL ENGINEER,SITE ENGINEER,,MAHARASHTRA,MUMBAI,+91 91618 84004,
CM/ENG/00320,Rushikesh ,CIVIL ENGINEER,SITE ENGINEER,,MAHARASHTRA,MUMBAI,+91 74482 23717,
CM/ENG/00321,Sajid ali shaikh,CIVIL ENGINEER,SITE ENGINEER,,MAHARASHTRA,MUMBAI,+91 77382 19360,
CM/ENG/00322,Sameer ansari,CIVIL ENGINEER,SITE ENGINEER,,MAHARASHTRA,MUMBAI,+91 79858 29545,
CM/ENG/00323,Vijayprajapati,CIVIL ENGINEER,SITE ENGINEER,,MAHARASHTRA,MUMBAI,+91 96286 53689,
CM/ENG/00324,Sonkar,CIVIL ENGINEER,SITE ENGINEER,,MAHARASHTRA,MUMBAI,+91 97697 98166,
CM/ENG/00325,CM/ENG/00325,CIVIL ENGINEER,SITE ENGINEER,,MAHARASHTRA,MUMBAI,+91 93724 77742,
CM/ENG/00326,CM/ENG/00326,CIVIL ENGINEER,SITE ENGINEER,,MAHARASHTRA,MUMBAI,+91 97986 28095,
CM/ENG/00327,CM/ENG/00327,CIVIL ENGINEER,SITE ENGINEER,,MAHARASHTRA,MUMBAI,+91 98234 84058,
CM/ENG/00328,Fahad khan,CIVIL ENGINEER,SITE ENGINEER,,MAHARASHTRA,MUMBAI,+91 70073 08527,
CM/ENG/00329,Fahad,CIVIL ENGINEER,SITE ENGINEER,,MAHARASHTRA,MUMBAI,+91 96198 65932,
CM/ENG/00330,Faisal khan,CIVIL ENGINEER,SITE ENGINEER,,MAHARASHTRA,MUMBAI,+91 97925 19838,
CM/ENG/00331,Faiz,CIVIL ENGINEER,SITE ENGINEER,,MAHARASHTRA,MUMBAI,+91 80970 98469,
CM/ENG/00332,Faizal qureshi,CIVIL ENGINEER,SITE ENGINEER,,MAHARASHTRA,MUMBAI,+91 94084 30342,
CM/ENG/00333,Faizan,CIVIL ENGINEER,SITE ENGINEER,,MAHARASHTRA,MUMBAI,+91 84464 68584,
CM/ENG/00334,Faizan kabeer,CIVIL ENGINEER,SITE ENGINEER,,MAHARASHTRA,MUMBAI,+91 84829 84734,
CM/ENG/00335,Faizan saeed ,CIVIL ENGINEER,SITE ENGINEER,,MAHARASHTRA,MUMBAI,+91 99568 58631,
CM/ENG/00336,Farah naaz,CIVIL ENGINEER,SITE ENGINEER,,MAHARASHTRA,MUMBAI,+91 91726 20277,
CM/ENG/00337,Fardeen,CIVIL ENGINEER,SITE ENGINEER,,MAHARASHTRA,MUMBAI,+91 81089 95089,
CM/ENG/00338,Fardeen bhati,CIVIL ENGINEER,SITE ENGINEER,,MAHARASHTRA,MUMBAI,+91 63767 03390,
CM/ENG/00339,Farhan,CIVIL ENGINEER,SITE ENGINEER,,MAHARASHTRA,MUMBAI,+91 97682 28869,
CM/ENG/00340,Fazle rehman ,CIVIL ENGINEER,SITE ENGINEER,,MAHARASHTRA,MUMBAI,+91 72767 87342,
CM/ENG/00341,Furkan,CIVIL ENGINEER,SITE ENGINEER,,MAHARASHTRA,MUMBAI,+91 77159 10575,
CM/ENG/00342,Gajanan kurtade,CIVIL ENGINEER,SITE ENGINEER,,MAHARASHTRA,MUMBAI,+91 90119 09994,
CM/ENG/00343,Gajanand,CIVIL ENGINEER,SITE ENGINEER,,MAHARASHTRA,MUMBAI,+91 63877 75876,
CM/ENG/00344,Ganesh,CIVIL ENGINEER,SITE ENGINEER,,MAHARASHTRA,MUMBAI,+91 81498 17771,
CM/ENG/00345,Ganesh bajgude,CIVIL ENGINEER,SITE ENGINEER,,MAHARASHTRA,MUMBAI,+91 99218 63775,
CM/ENG/00346,Ganesh lotale,CIVIL ENGINEER,SITE ENGINEER,,MAHARASHTRA,MUMBAI,+91 91374 86867,
CM/ENG/00347,Gaurao patil,CIVIL ENGINEER,SITE ENGINEER,,MAHARASHTRA,MUMBAI,+91 94030 69258,
CM/ENG/00348,Gaurav,CIVIL ENGINEER,SITE ENGINEER,,MAHARASHTRA,MUMBAI,+91 97211 72797,
CM/ENG/00349,Gaurav upadhyay,CIVIL ENGINEER,SITE ENGINEER,,MAHARASHTRA,MUMBAI,+91 79833 37379,
CM/ENG/00350,Gaurav kumar,CIVIL ENGINEER,SITE ENGINEER,,MAHARASHTRA,MUMBAI,+91 99178 38184,
CM/ENG/00351,Gholap rushikesh,CIVIL ENGINEER,SITE ENGINEER,,MAHARASHTRA,MUMBAI,+91 96899 78881,
CM/ENG/00352,Girish ,CIVIL ENGINEER,SITE ENGINEER,,MAHARASHTRA,MUMBAI,+91 96192 73599,
CM/ENG/00353,Govind jha,CIVIL ENGINEER,SITE ENGINEER,,MAHARASHTRA,MUMBAI,+91 99691 48169,
CM/ENG/00354,Gufran shaikh,CIVIL ENGINEER,SITE ENGINEER,,MAHARASHTRA,MUMBAI,+91 88559 16918,
CM/ENG/00355,Gupta,CIVIL ENGINEER,SITE ENGINEER,,MAHARASHTRA,MUMBAI,+91 82865 16197,
CM/ENG/00356,Gurav sanjay,CIVIL ENGINEER,SITE ENGINEER,,MAHARASHTRA,MUMBAI,+91 89753 69879,
CM/ENG/00357,CM/ENG/00357,CIVIL ENGINEER,SITE ENGINEER,,MAHARASHTRA,MUMBAI,+91 87557 34270,
CM/ENG/00358,CM/ENG/00358,CIVIL ENGINEER,SITE ENGINEER,,MAHARASHTRA,MUMBAI,+91 95665 24310,
CM/ENG/00359,Hadi,CIVIL ENGINEER,SITE ENGINEER,,MAHARASHTRA,MUMBAI,+91 82869 45076,
CM/ENG/00360,Haidar ali,CIVIL ENGINEER,SITE ENGINEER,,MAHARASHTRA,MUMBAI,+91 79770 85421,
CM/ENG/00361,Haidarali sayyad,CIVIL ENGINEER,SITE ENGINEER,,MAHARASHTRA,MUMBAI,+91 90822 76032,
CM/ENG/00362,Hamza kadri,CIVIL ENGINEER,SITE ENGINEER,,MAHARASHTRA,MUMBAI,+91 79774 71455,
CM/ENG/00363,Harendra singh,CIVIL ENGINEER,SITE ENGINEER,,MAHARASHTRA,MUMBAI,+91 96282 92380,
CM/ENG/00364,Hariom sikarya,CIVIL ENGINEER,SITE ENGINEER,,MAHARASHTRA,MUMBAI,+91 62636 90467,
CM/ENG/00365,Harry,CIVIL ENGINEER,SITE ENGINEER,,MAHARASHTRA,MUMBAI,+91 77679 89299,
CM/ENG/00366,Harshad kamble,CIVIL ENGINEER,SITE ENGINEER,,MAHARASHTRA,MUMBAI,+91 89285 71171,
CM/ENG/00367,Harshal,CIVIL ENGINEER,SITE ENGINEER,,MAHARASHTRA,MUMBAI,+91 84259 08388,
CM/ENG/00368,CM/ENG/00368,CIVIL ENGINEER,SITE ENGINEER,,MAHARASHTRA,MUMBAI,+91 73876 76714,
CM/ENG/00369,Harshita niraj ,CIVIL ENGINEER,SITE ENGINEER,,MAHARASHTRA,MUMBAI,+91 81092 48204,
CM/ENG/00370,Hasan,CIVIL ENGINEER,SITE ENGINEER,,MAHARASHTRA,MUMBAI,+91 89220 97884,
CM/ENG/00371,Haseebuddin,CIVIL ENGINEER,SITE ENGINEER,,MAHARASHTRA,MUMBAI,+91 81050 00252,
CM/ENG/00372,Hasnain khan,CIVIL ENGINEER,SITE ENGINEER,,MAHARASHTRA,MUMBAI,+91 91175 05082,
CM/ENG/00373,CM/ENG/00373,CIVIL ENGINEER,SITE ENGINEER,,MAHARASHTRA,MUMBAI,+91 70288 70352,
CM/ENG/00374,Hitesh,CIVIL ENGINEER,SITE ENGINEER,,MAHARASHTRA,MUMBAI,+91 70283 30909,
CM/ENG/00375,Hitesh masurkar,CIVIL ENGINEER,SITE ENGINEER,,MAHARASHTRA,MUMBAI,+91 97694 95879,
CM/ENG/00376,damini ,CIVIL ENGINEER,SITE ENGINEER,,MAHARASHTRA,MUMBAI,+91 91366 24121,
CM/ENG/00377,Husain,CIVIL ENGINEER,SITE ENGINEER,,MAHARASHTRA,MUMBAI,+91 89832 78055,
CM/ENG/00378,Husain saddam,CIVIL ENGINEER,SITE ENGINEER,,MAHARASHTRA,MUMBAI,+91 80770 41028,
CM/ENG/00379,Huzaifa khan,CIVIL ENGINEER,SITE ENGINEER,,MAHARASHTRA,MUMBAI,+91 70579 98776,
CM/ENG/00380,CM/ENG/00380,CIVIL ENGINEER,SITE ENGINEER,,MAHARASHTRA,MUMBAI,+91 97021 67091,
CM/ENG/00381,CM/ENG/00381,CIVIL ENGINEER,SITE ENGINEER,,MAHARASHTRA,MUMBAI,+91 82998 81081,
CM/ENG/00382,CM/ENG/00382,CIVIL ENGINEER,SITE ENGINEER,,MAHARASHTRA,MUMBAI,+91 97026 28802,
CM/ENG/00383,CM/ENG/00383,CIVIL ENGINEER,SITE ENGINEER,,MAHARASHTRA,MUMBAI,+91 96283 78183,
CM/ENG/00384,Irfan ,CIVIL ENGINEER,SITE ENGINEER,,MAHARASHTRA,MUMBAI,+91 96658 09398,
CM/ENG/00385,Irfan,CIVIL ENGINEER,SITE ENGINEER,,MAHARASHTRA,MUMBAI,+91 95007 30292,
CM/ENG/00386,Irtat fitwalla,CIVIL ENGINEER,SITE ENGINEER,,MAHARASHTRA,MUMBAI,+91 72082 15981,
CM/ENG/00387,Jagan panchal,CIVIL ENGINEER,SITE ENGINEER,,MAHARASHTRA,MUMBAI,+91 96041 55676,
CM/ENG/00388,Jagdishr palghar,CIVIL ENGINEER,SITE ENGINEER,,MAHARASHTRA,MUMBAI,+91 98342 69253,
CM/ENG/00389,Jahangir shaikh,CIVIL ENGINEER,SITE ENGINEER,,MAHARASHTRA,MUMBAI,+91 81496 66837,
CM/ENG/00390,CM/ENG/00390,CIVIL ENGINEER,SITE ENGINEER,,MAHARASHTRA,MUMBAI,+91 93250 73772,
CM/ENG/00391,CM/ENG/00391,CIVIL ENGINEER,SITE ENGINEER,,MAHARASHTRA,MUMBAI,+91 79001 04129,
CM/ENG/00392,Jarag rajendra,CIVIL ENGINEER,SITE ENGINEER,,MAHARASHTRA,MUMBAI,+91 90491 68417,
CM/ENG/00393,Jaspal singh ,CIVIL ENGINEER,SITE ENGINEER,,MAHARASHTRA,MUMBAI,+91 80976 76864,
CM/ENG/00394,Jatin chavda,CIVIL ENGINEER,SITE ENGINEER,,MAHARASHTRA,MUMBAI,+91 90226 48293,
CM/ENG/00395,Javed siddiqui,CIVIL ENGINEER,SITE ENGINEER,,MAHARASHTRA,MUMBAI,+91 98337 40922,
CM/ENG/00396,Javeed patel,CIVIL ENGINEER,SITE ENGINEER,,MAHARASHTRA,MUMBAI,+91 95919 81557,
CM/ENG/00397,Jayesh raut,CIVIL ENGINEER,SITE ENGINEER,,MAHARASHTRA,MUMBAI,+91 93268 88565,
CM/ENG/00398,Jayesh sathe,CIVIL ENGINEER,SITE ENGINEER,,MAHARASHTRA,MUMBAI,+91 77198 37023,
CM/ENG/00399,CM/ENG/00399,CIVIL ENGINEER,SITE ENGINEER,,MAHARASHTRA,MUMBAI,+91 91527 20108,
CM/ENG/00400,CM/ENG/00400,CIVIL ENGINEER,SITE ENGINEER,,MAHARASHTRA,MUMBAI,+91 83788 84253,
CM/ENG/00401,Jitekar santosh,CIVIL ENGINEER,SITE ENGINEER,,MAHARASHTRA,MUMBAI,+91 92252 22246,
CM/ENG/00402,omkar,CIVIL ENGINEER,SITE ENGINEER,,MAHARASHTRA,MUMBAI,+91 86520 57897,
CM/ENG/00403,JP mishra,CIVIL ENGINEER,SITE ENGINEER,,MAHARASHTRA,MUMBAI,+91 85113 72157,
CM/ENG/00404,Junaid ansari,CIVIL ENGINEER,SITE ENGINEER,,MAHARASHTRA,MUMBAI,+91 77389 26085,
CM/ENG/00405,CM/ENG/00405,CIVIL ENGINEER,SITE ENGINEER,,MAHARASHTRA,MUMBAI,+91 93728 91529,
CM/ENG/00406,Kabir,CIVIL ENGINEER,SITE ENGINEER,,MAHARASHTRA,MUMBAI,+91 70144 72405,
CM/ENG/00407,Kabir,CIVIL ENGINEER,SITE ENGINEER,,MAHARASHTRA,MUMBAI,+91 82994 01959,
CM/ENG/00408,Kalpesh,CIVIL ENGINEER,SITE ENGINEER,,MAHARASHTRA,MUMBAI,+91 77090 36727,
CM/ENG/00409,Kamesh jewargi,CIVIL ENGINEER,SITE ENGINEER,,MAHARASHTRA,MUMBAI,+91 98332 88942,
CM/ENG/00410,Kamlesh,CIVIL ENGINEER,SITE ENGINEER,,MAHARASHTRA,MUMBAI,+91 97029 69314,
CM/ENG/00411,Kamran siddiqui,CIVIL ENGINEER,SITE ENGINEER,,MAHARASHTRA,MUMBAI,+91 80970 82295,
CM/ENG/00412,CM/ENG/00412,CIVIL ENGINEER,SITE ENGINEER,,MAHARASHTRA,MUMBAI,+91 84604 39847,
CM/ENG/00413,CM/ENG/00413,CIVIL ENGINEER,SITE ENGINEER,,MAHARASHTRA,MUMBAI,+91 90490 10154,
CM/ENG/00414,Kashif,CIVIL ENGINEER,SITE ENGINEER,,MAHARASHTRA,MUMBAI,+91 79722 50064,
CM/ENG/00415,Ketan,CIVIL ENGINEER,SITE ENGINEER,,MAHARASHTRA,MUMBAI,+91 83798 08410,
CM/ENG/00416,CM/ENG/00416,CIVIL ENGINEER,SITE ENGINEER,,MAHARASHTRA,MUMBAI,+91 96600 66161,
CM/ENG/00417,Khalid,CIVIL ENGINEER,SITE ENGINEER,,MAHARASHTRA,MUMBAI,+91 91363 00534,
CM/ENG/00418,CM/ENG/00418,CIVIL ENGINEER,SITE ENGINEER,,MAHARASHTRA,MUMBAI,+91 99874 83909,
CM/ENG/00419,Khan ahmad,CIVIL ENGINEER,SITE ENGINEER,,MAHARASHTRA,MUMBAI,+91 90828 69511,
CM/ENG/00420,Khan ateeque,CIVIL ENGINEER,SITE ENGINEER,,MAHARASHTRA,MUMBAI,+91 98922 44901,
CM/ENG/00421,Khan shamim,CIVIL ENGINEER,SITE ENGINEER,,MAHARASHTRA,MUMBAI,+91 90043 41735,
CM/ENG/00422,CM/ENG/00422,CIVIL ENGINEER,SITE ENGINEER,,MAHARASHTRA,MUMBAI,+91 96998 96120,
CM/ENG/00423,Khan jafar ali,CIVIL ENGINEER,SITE ENGINEER,,MAHARASHTRA,MUMBAI,+91 91374 37858,
CM/ENG/00424,Kiran,CIVIL ENGINEER,SITE ENGINEER,,MAHARASHTRA,MUMBAI,+91 97687 11645,
CM/ENG/00425,Kisan kumar,CIVIL ENGINEER,SITE ENGINEER,,MAHARASHTRA,MUMBAI,+91 76668 28289,
CM/ENG/00426,Kishor,CIVIL ENGINEER,SITE ENGINEER,,MAHARASHTRA,MUMBAI,+91 84464 65448,
CM/ENG/00427,Kishor tayade,CIVIL ENGINEER,SITE ENGINEER,,MAHARASHTRA,MUMBAI,+91 99708 89328,
CM/ENG/00428,CM/ENG/00428,CIVIL ENGINEER,SITE ENGINEER,,MAHARASHTRA,MUMBAI,+91 86058 68165,
CM/ENG/00429,CM/ENG/00429,CIVIL ENGINEER,SITE ENGINEER,,MAHARASHTRA,MUMBAI,+91 87671 26817,
CM/ENG/00430,CM/ENG/00430,CIVIL ENGINEER,SITE ENGINEER,,MAHARASHTRA,MUMBAI,+91 79773 73257,
CM/ENG/00431,ravi,CIVIL ENGINEER,SITE ENGINEER,,MAHARASHTRA,MUMBAI,+91 96196 14941,
CM/ENG/00432,Krishna jawaji,CIVIL ENGINEER,SITE ENGINEER,,MAHARASHTRA,MUMBAI,+91 77150 34421,
CM/ENG/00433,Krunal,CIVIL ENGINEER,SITE ENGINEER,,MAHARASHTRA,MUMBAI,+91 77384 04280,
CM/ENG/00434,Kumar kaushal,CIVIL ENGINEER,SITE ENGINEER,,MAHARASHTRA,MUMBAI,+91 78084 10051,
CM/ENG/00435,Kumawat santosh,CIVIL ENGINEER,SITE ENGINEER,,MAHARASHTRA,MUMBAI,+91 77000 98682,
CM/ENG/00436,Kunal,CIVIL ENGINEER,SITE ENGINEER,,MAHARASHTRA,MUMBAI,+91 82913 31350,
CM/ENG/00437,Kunal pawar,CIVIL ENGINEER,SITE ENGINEER,,MAHARASHTRA,MUMBAI,+91 70209 98037,
CM/ENG/00438,Kunal raut,CIVIL ENGINEER,SITE ENGINEER,,MAHARASHTRA,MUMBAI,+91 96579 56110,
CM/ENG/00439,Kushal ,CIVIL ENGINEER,SITE ENGINEER,,MAHARASHTRA,MUMBAI,+91 90827 76815,
CM/ENG/00440,Lahu yadav,CIVIL ENGINEER,SITE ENGINEER,,MAHARASHTRA,MUMBAI,+91 83294 63310,
CM/ENG/00441,Lalit nemade,CIVIL ENGINEER,SITE ENGINEER,,MAHARASHTRA,MUMBAI,+91 77198 92026,
CM/ENG/00442,Lethal vishu,CIVIL ENGINEER,SITE ENGINEER,,MAHARASHTRA,MUMBAI,+91 76669 53196,
CM/ENG/00443,Lucky ,CIVIL ENGINEER,SITE ENGINEER,,MAHARASHTRA,MUMBAI,+91 81498 61258,
CM/ENG/00444,MZ malik,CIVIL ENGINEER,SITE ENGINEER,,MAHARASHTRA,MUMBAI,+91 84005 15852,
CM/ENG/00445,CM/ENG/00445,CIVIL ENGINEER,SITE ENGINEER,,MAHARASHTRA,MUMBAI,+91 81690 88520,
CM/ENG/00446,Madan,CIVIL ENGINEER,SITE ENGINEER,,MAHARASHTRA,MUMBAI,+91 91674 49324,
CM/ENG/00447,Mahek patel,CIVIL ENGINEER,SITE ENGINEER,,MAHARASHTRA,MUMBAI,+91 70392 23147,
CM/ENG/00448,Mahendra maurya,CIVIL ENGINEER,SITE ENGINEER,,MAHARASHTRA,MUMBAI,+91 70233 55540,
CM/ENG/00449,Mahendra patil,CIVIL ENGINEER,SITE ENGINEER,,MAHARASHTRA,MUMBAI,+91 70833 17446,
CM/ENG/00450,Mahesh,CIVIL ENGINEER,SITE ENGINEER,,MAHARASHTRA,MUMBAI,+91 77458 83617,
CM/ENG/00451,Mahesh bedkudie,CIVIL ENGINEER,SITE ENGINEER,,MAHARASHTRA,MUMBAI,+91 88284 81254,
CM/ENG/00452,Mahesh kumar,CIVIL ENGINEER,SITE ENGINEER,,MAHARASHTRA,MUMBAI,+91 96415 54407,
CM/ENG/00453,Mahesh ingale,CIVIL ENGINEER,SITE ENGINEER,,MAHARASHTRA,MUMBAI,+91 87791 15098,
CM/ENG/00454,Majid khan,CIVIL ENGINEER,SITE ENGINEER,,MAHARASHTRA,MUMBAI,+91 74590 02550,
CM/ENG/00455,Majid pasha,CIVIL ENGINEER,SITE ENGINEER,,MAHARASHTRA,MUMBAI,+91 70215 10415,
CM/ENG/00456,Mamta,CIVIL ENGINEER,SITE ENGINEER,,MAHARASHTRA,MUMBAI,+91 99304 32612,
CM/ENG/00457,Mane ritesh ga...,CIVIL ENGINEER,SITE ENGINEER,,MAHARASHTRA,MUMBAI,+91 77678 04285,
CM/ENG/00458,Mangesh ,CIVIL ENGINEER,SITE ENGINEER,,MAHARASHTRA,MUMBAI,+91 81084 61320,
CM/ENG/00459,Manish varma,CIVIL ENGINEER,SITE ENGINEER,,MAHARASHTRA,MUMBAI,+91 88282 72685,
CM/ENG/00460,Manish mule,CIVIL ENGINEER,SITE ENGINEER,,MAHARASHTRA,MUMBAI,+91 90040 97312,
CM/ENG/00461,Manoj ghorai,CIVIL ENGINEER,SITE ENGINEER,,MAHARASHTRA,MUMBAI,+91 89726 53914,
CM/ENG/00462,Manoj yadav,CIVIL ENGINEER,SITE ENGINEER,,MAHARASHTRA,MUMBAI,+91 91403 20463,
CM/ENG/00463,Mantu das,CIVIL ENGINEER,SITE ENGINEER,,MAHARASHTRA,MUMBAI,+91 96747 55168,
CM/ENG/00464,CM/ENG/00464,CIVIL ENGINEER,SITE ENGINEER,,MAHARASHTRA,MUMBAI,+91 90226 20208,
CM/ENG/00465,Mauli,CIVIL ENGINEER,SITE ENGINEER,,MAHARASHTRA,MUMBAI,+91 76663 58378,
CM/ENG/00466,Maurya,CIVIL ENGINEER,SITE ENGINEER,,MAHARASHTRA,MUMBAI,+91 98772 19334,
CM/ENG/00467,Mayank,CIVIL ENGINEER,SITE ENGINEER,,MAHARASHTRA,MUMBAI,+91 81037 90566,
CM/ENG/00468,Mayank,CIVIL ENGINEER,SITE ENGINEER,,MAHARASHTRA,MUMBAI,+91 89766 56063,
CM/ENG/00469,Mayuri ghavat,CIVIL ENGINEER,SITE ENGINEER,,MAHARASHTRA,MUMBAI,+91 93712 08542,
CM/ENG/00470,Md aftab alam,CIVIL ENGINEER,SITE ENGINEER,,MAHARASHTRA,MUMBAI,+91 95254 45991,
CM/ENG/00471,Md afzal,CIVIL ENGINEER,SITE ENGINEER,,MAHARASHTRA,MUMBAI,+91 72770 34761,
CM/ENG/00472,Md arbab,CIVIL ENGINEER,SITE ENGINEER,,MAHARASHTRA,MUMBAI,+91 95884 16389,
CM/ENG/00473,Md azad,CIVIL ENGINEER,SITE ENGINEER,,MAHARASHTRA,MUMBAI,+91 91228 74386,
CM/ENG/00474,Md azam,CIVIL ENGINEER,SITE ENGINEER,,MAHARASHTRA,MUMBAI,+91 76767 43789,
CM/ENG/00475,CM/ENG/00475,CIVIL ENGINEER,SITE ENGINEER,,MAHARASHTRA,MUMBAI,+91 87790 37968,
CM/ENG/00476,Md sarfaraz,CIVIL ENGINEER,SITE ENGINEER,,MAHARASHTRA,MUMBAI,+91 79034 84421,
CM/ENG/00477,Md shahid raza,CIVIL ENGINEER,SITE ENGINEER,,MAHARASHTRA,MUMBAI,+91 70218 82591,
CM/ENG/00478,Md sharique,CIVIL ENGINEER,SITE ENGINEER,,MAHARASHTRA,MUMBAI,+91 79037 56081,
CM/ENG/00479,Md talha,CIVIL ENGINEER,SITE ENGINEER,,MAHARASHTRA,MUMBAI,+91 90288 04451,
CM/ENG/00480,CM/ENG/00480,CIVIL ENGINEER,SITE ENGINEER,,MAHARASHTRA,MUMBAI,+91 82867 26682,
CM/ENG/00481,Md masroof alam,CIVIL ENGINEER,SITE ENGINEER,,MAHARASHTRA,MUMBAI,+91 75640 46441,
CM/ENG/00482,Meesam kazmi,CIVIL ENGINEER,SITE ENGINEER,,MAHARASHTRA,MUMBAI,+91 83692 50878,
CM/ENG/00483,Mehboob ahmed,CIVIL ENGINEER,SITE ENGINEER,,MAHARASHTRA,MUMBAI,+91 90227 97306,
CM/ENG/00484,Mehdi hasan,CIVIL ENGINEER,SITE ENGINEER,,MAHARASHTRA,MUMBAI,+91 99607 84263,
CM/ENG/00485,Mithun jadhav,CIVIL ENGINEER,SITE ENGINEER,,MAHARASHTRA,MUMBAI,+91 70214 10295,
CM/ENG/00486,Mobin bhisti,CIVIL ENGINEER,SITE ENGINEER,,MAHARASHTRA,MUMBAI,+91 70239 16146,
CM/ENG/00487,Mohammad azad,CIVIL ENGINEER,SITE ENGINEER,,MAHARASHTRA,MUMBAI,+91 70917 55570,
CM/ENG/00488,Mohammad irfan,CIVIL ENGINEER,SITE ENGINEER,,MAHARASHTRA,MUMBAI,+91 87932 25440,
CM/ENG/00489,Mohammad jilani,CIVIL ENGINEER,SITE ENGINEER,,MAHARASHTRA,MUMBAI,+91 94930 11267,
CM/ENG/00490,Mohammad saif,CIVIL ENGINEER,SITE ENGINEER,,MAHARASHTRA,MUMBAI,+91 78881 46968,
CM/ENG/00491,CM/ENG/00491,CIVIL ENGINEER,SITE ENGINEER,,MAHARASHTRA,MUMBAI,+91 97024 54530,
CM/ENG/00492,CM/ENG/00492,CIVIL ENGINEER,SITE ENGINEER,,MAHARASHTRA,MUMBAI,+91 99876 22679,
CM/ENG/00493,CM/ENG/00493,CIVIL ENGINEER,SITE ENGINEER,,MAHARASHTRA,MUMBAI,+91 90351 32547,
CM/ENG/00494,CM/ENG/00494,CIVIL ENGINEER,SITE ENGINEER,,MAHARASHTRA,MUMBAI,+91 88927 41742,
CM/ENG/00495,CM/ENG/00495,CIVIL ENGINEER,SITE ENGINEER,,MAHARASHTRA,MUMBAI,+91 85729 76918,
CM/ENG/00496,Mohd adil,CIVIL ENGINEER,SITE ENGINEER,,MAHARASHTRA,MUMBAI,+91 60068 66095,
CM/ENG/00497,Mohd aquib ,CIVIL ENGINEER,SITE ENGINEER,,MAHARASHTRA,MUMBAI,+91 91728 78171,
CM/ENG/00498,Mohd bilal,CIVIL ENGINEER,SITE ENGINEER,,MAHARASHTRA,MUMBAI,+91 88981 11724,
CM/ENG/00499,Mohd farhan khan,CIVIL ENGINEER,SITE ENGINEER,,MAHARASHTRA,MUMBAI,+91 91720 31197,
CM/ENG/00500,Mohd haider,CIVIL ENGINEER,SITE ENGINEER,,MAHARASHTRA,MUMBAI,+91 72755 08906,
CM/ENG/00501,Mohd raees,CIVIL ENGINEER,SITE ENGINEER,,MAHARASHTRA,MUMBAI,+91 91363 11235,
CM/ENG/00502,Mohd gulaam,CIVIL ENGINEER,SITE ENGINEER,,MAHARASHTRA,MUMBAI,+91 91371 34931,
CM/ENG/00503,Mohit,CIVIL ENGINEER,SITE ENGINEER,,MAHARASHTRA,MUMBAI,+91 95183 38382,
CM/ENG/00504,Monis hashmi,CIVIL ENGINEER,SITE ENGINEER,,MAHARASHTRA,MUMBAI,+91 77300 64765,
CM/ENG/00505,Mousam ,CIVIL ENGINEER,SITE ENGINEER,,MAHARASHTRA,MUMBAI,+91 90074 07853,
CM/ENG/00506,Mr khan,CIVIL ENGINEER,SITE ENGINEER,,MAHARASHTRA,MUMBAI,+91 70177 06378,
CM/ENG/00507,Mr sahil,CIVIL ENGINEER,SITE ENGINEER,,MAHARASHTRA,MUMBAI,+91 77640 46627,
CM/ENG/00508,Mr sandeep ,CIVIL ENGINEER,SITE ENGINEER,,MAHARASHTRA,MUMBAI,+91 70845 93274,
CM/ENG/00509,Mr. saad,CIVIL ENGINEER,SITE ENGINEER,,MAHARASHTRA,MUMBAI,+91 83569 31139,
CM/ENG/00510,CM/ENG/00510,CIVIL ENGINEER,SITE ENGINEER,,MAHARASHTRA,MUMBAI,+91 82373 76838,
CM/ENG/00511,CM/ENG/00511,CIVIL ENGINEER,SITE ENGINEER,,MAHARASHTRA,MUMBAI,+91 86929 69281,
CM/ENG/00512,M saim,CIVIL ENGINEER,SITE ENGINEER,,MAHARASHTRA,MUMBAI,+91 86873 05481,
CM/ENG/00513,M sohail,CIVIL ENGINEER,SITE ENGINEER,,MAHARASHTRA,MUMBAI,+91 98924 84716,
CM/ENG/00514,Mubarak ,CIVIL ENGINEER,SITE ENGINEER,,MAHARASHTRA,MUMBAI,+91 83108 70854,
CM/ENG/00515,CM/ENG/00515,CIVIL ENGINEER,SITE ENGINEER,,MAHARASHTRA,MUMBAI,+91 70715 57525,
CM/ENG/00516,Mukesh chauhan,CIVIL ENGINEER,SITE ENGINEER,,MAHARASHTRA,MUMBAI,+91 63865 34889,
CM/ENG/00517,Mukesh singh,CIVIL ENGINEER,SITE ENGINEER,,MAHARASHTRA,MUMBAI,+91 98928 87527,
CM/ENG/00518,Mukesh yadav,CIVIL ENGINEER,SITE ENGINEER,,MAHARASHTRA,MUMBAI,+91 73785 00686,
CM/ENG/00519,Mukut mani,CIVIL ENGINEER,SITE ENGINEER,,MAHARASHTRA,MUMBAI,+91 98992 58301,
CM/ENG/00520,Musddik shaikh,CIVIL ENGINEER,SITE ENGINEER,,MAHARASHTRA,MUMBAI,+91 97629 68815,
CM/ENG/00521,Mustafa,CIVIL ENGINEER,SITE ENGINEER,,MAHARASHTRA,MUMBAI,+91 70075 66055,
CM/ENG/00522,CM/ENG/00522,CIVIL ENGINEER,SITE ENGINEER,,MAHARASHTRA,MUMBAI,+91 70378 62108,
CM/ENG/00523,CM/ENG/00523,CIVIL ENGINEER,SITE ENGINEER,,MAHARASHTRA,MUMBAI,+91 63606 44733,
CM/ENG/00524,CM/ENG/00524,CIVIL ENGINEER,SITE ENGINEER,,MAHARASHTRA,MUMBAI,+91 72190 50210,
CM/ENG/00525,Nadeem,CIVIL ENGINEER,SITE ENGINEER,,MAHARASHTRA,MUMBAI,+91 91120 80495,
CM/ENG/00526,Nagvanshi rahul,CIVIL ENGINEER,SITE ENGINEER,,MAHARASHTRA,MUMBAI,+91 90828 14540,
CM/ENG/00527,Nasir shaikh,CIVIL ENGINEER,SITE ENGINEER,,MAHARASHTRA,MUMBAI,+91 83698 29096,
CM/ENG/00528,Naushad,CIVIL ENGINEER,SITE ENGINEER,,MAHARASHTRA,MUMBAI,+91 83403 96909,
CM/ENG/00529,Naushad ali,CIVIL ENGINEER,SITE ENGINEER,,MAHARASHTRA,MUMBAI,+91 95944 52637,
CM/ENG/00530,Navin,CIVIL ENGINEER,SITE ENGINEER,,MAHARASHTRA,MUMBAI,+91 87704 60715,
CM/ENG/00531,Neeraj pandey,CIVIL ENGINEER,SITE ENGINEER,,MAHARASHTRA,MUMBAI,+91 82863 76063,
CM/ENG/00532,Neeraj pandey,CIVIL ENGINEER,SITE ENGINEER,,MAHARASHTRA,MUMBAI,+91 72497 98959,
CM/ENG/00533,Neeraj singh,CIVIL ENGINEER,SITE ENGINEER,,MAHARASHTRA,MUMBAI,+91 75659 09177,
CM/ENG/00534,Nick,CIVIL ENGINEER,SITE ENGINEER,,MAHARASHTRA,MUMBAI,+91 75068 35564,
CM/ENG/00535,Nihal,CIVIL ENGINEER,SITE ENGINEER,,MAHARASHTRA,MUMBAI,+91 86057 58308,
CM/ENG/00536,Nihal sayyed,CIVIL ENGINEER,SITE ENGINEER,,MAHARASHTRA,MUMBAI,+91 70838 83843,
CM/ENG/00537,Nikhil tandel,CIVIL ENGINEER,SITE ENGINEER,,MAHARASHTRA,MUMBAI,+91 89766 33142,
CM/ENG/00538,Nikhil,CIVIL ENGINEER,SITE ENGINEER,,MAHARASHTRA,MUMBAI,+91 70380 01787,
CM/ENG/00539,Nilakantha,CIVIL ENGINEER,SITE ENGINEER,,MAHARASHTRA,MUMBAI,+91 84549 77387,
CM/ENG/00540,Nilesh pandey,CIVIL ENGINEER,SITE ENGINEER,,MAHARASHTRA,MUMBAI,+91 87667 97459,
CM/ENG/00541,Ninad andure,CIVIL ENGINEER,SITE ENGINEER,,MAHARASHTRA,MUMBAI,+91 87967 33734,
CM/ENG/00542,Niraj,CIVIL ENGINEER,SITE ENGINEER,,MAHARASHTRA,MUMBAI,+91 98330 83861,
CM/ENG/00543,Niraj,CIVIL ENGINEER,SITE ENGINEER,,MAHARASHTRA,MUMBAI,+91 98345 51846,
CM/ENG/00544,Nishar,CIVIL ENGINEER,SITE ENGINEER,,MAHARASHTRA,MUMBAI,+91 91377 36858,
CM/ENG/00545,Nitai purkait,CIVIL ENGINEER,SITE ENGINEER,,MAHARASHTRA,MUMBAI,+91 62892 63432,
CM/ENG/00546,Nitin,CIVIL ENGINEER,SITE ENGINEER,,MAHARASHTRA,MUMBAI,+91 80807 76282,
CM/ENG/00547,CM/ENG/00547,CIVIL ENGINEER,SITE ENGINEER,,MAHARASHTRA,MUMBAI,+91 97667 95436,
CM/ENG/00548,CM/ENG/00548,CIVIL ENGINEER,SITE ENGINEER,,MAHARASHTRA,MUMBAI,+91 97690 95151,
CM/ENG/00549,Omkar bowlekar,CIVIL ENGINEER,SITE ENGINEER,,MAHARASHTRA,MUMBAI,+91 91127 41650,
CM/ENG/00550,Onkar ,CIVIL ENGINEER,SITE ENGINEER,,MAHARASHTRA,MUMBAI,+91 84590 83136,
CM/ENG/00551,Pratik,CIVIL ENGINEER,SITE ENGINEER,,MAHARASHTRA,MUMBAI,+91 93267 62871,
CM/ENG/00552,CM/ENG/00552,CIVIL ENGINEER,SITE ENGINEER,,MAHARASHTRA,MUMBAI,+91 91671 92917,
CM/ENG/00553,Pandurang lohar,CIVIL ENGINEER,SITE ENGINEER,,MAHARASHTRA,MUMBAI,+91 83798 97952,
CM/ENG/00554,Pankaj jadhav,CIVIL ENGINEER,SITE ENGINEER,,MAHARASHTRA,MUMBAI,+91 99212 34574,
CM/ENG/00555,Pankaj nishad,CIVIL ENGINEER,SITE ENGINEER,,MAHARASHTRA,MUMBAI,+91 85659 16627,
CM/ENG/00556,Pankaj singh,CIVIL ENGINEER,SITE ENGINEER,,MAHARASHTRA,MUMBAI,+91 87872 17378,
CM/ENG/00557,Param dhangar,CIVIL ENGINEER,SITE ENGINEER,,MAHARASHTRA,MUMBAI,+91 98929 33093,
CM/ENG/00558,Paresh v patil,CIVIL ENGINEER,SITE ENGINEER,,MAHARASHTRA,MUMBAI,+91 97302 22341,
CM/ENG/00559,Parikshit valase,CIVIL ENGINEER,SITE ENGINEER,,MAHARASHTRA,MUMBAI,+91 97673 53165,
CM/ENG/00560,Parkar sai prasad,CIVIL ENGINEER,SITE ENGINEER,,MAHARASHTRA,MUMBAI,+91 82912 52521,
CM/ENG/00561,Parvez patel,CIVIL ENGINEER,SITE ENGINEER,,MAHARASHTRA,MUMBAI,+91 80507 27879,
CM/ENG/00562,Patel,CIVIL ENGINEER,SITE ENGINEER,,MAHARASHTRA,MUMBAI,+91 83173 99315,
CM/ENG/00563,Patil mayur,CIVIL ENGINEER,SITE ENGINEER,,MAHARASHTRA,MUMBAI,+91 96232 38895,
CM/ENG/00564,Pavan,CIVIL ENGINEER,SITE ENGINEER,,MAHARASHTRA,MUMBAI,+91 80979 67962,
CM/ENG/00565,Pavan chavhan,CIVIL ENGINEER,SITE ENGINEER,,MAHARASHTRA,MUMBAI,+91 74000 61438,
CM/ENG/00566,CM/ENG/00566,CIVIL ENGINEER,SITE ENGINEER,,MAHARASHTRA,MUMBAI,+91 74985 02767,
CM/ENG/00567,Pawan jagtap,CIVIL ENGINEER,SITE ENGINEER,,MAHARASHTRA,MUMBAI,+91 99705 25050,
CM/ENG/00568,Pawan more',CIVIL ENGINEER,SITE ENGINEER,,MAHARASHTRA,MUMBAI,+91 86555 81909,
CM/ENG/00569,Pawan ,CIVIL ENGINEER,SITE ENGINEER,,MAHARASHTRA,MUMBAI,+91 89572 11675,
CM/ENG/00570,CM/ENG/00570,CIVIL ENGINEER,SITE ENGINEER,,MAHARASHTRA,MUMBAI,+91 91377 46486,
CM/ENG/00571,Pinto,CIVIL ENGINEER,SITE ENGINEER,,MAHARASHTRA,MUMBAI,+91 86572 01985,
CM/ENG/00572,Piyush,CIVIL ENGINEER,SITE ENGINEER,,MAHARASHTRA,MUMBAI,+91 95699 42196,
CM/ENG/00573,Prabhuwan shukla,CIVIL ENGINEER,SITE ENGINEER,,MAHARASHTRA,MUMBAI,+91 70070 51518,
CM/ENG/00574,Pradeep gupta,CIVIL ENGINEER,SITE ENGINEER,,MAHARASHTRA,MUMBAI,+91 93365 05119,
CM/ENG/00575,Pradeep ,CIVIL ENGINEER,SITE ENGINEER,,MAHARASHTRA,MUMBAI,+91 79858 09048,
CM/ENG/00576,Pradeep pawar,CIVIL ENGINEER,SITE ENGINEER,,MAHARASHTRA,MUMBAI,+91 84529 22934,
CM/ENG/00577,CM/ENG/00577,CIVIL ENGINEER,SITE ENGINEER,,MAHARASHTRA,MUMBAI,+91 91466 55960,
CM/ENG/00578,Pramod,CIVIL ENGINEER,SITE ENGINEER,,MAHARASHTRA,MUMBAI,+91 90964 92114,
CM/ENG/00579,Pramod gaur,CIVIL ENGINEER,SITE ENGINEER,,MAHARASHTRA,MUMBAI,+91 98884 54577,
CM/ENG/00580,Pramod kulka,CIVIL ENGINEER,SITE ENGINEER,,MAHARASHTRA,MUMBAI,+91 99224 61466,
CM/ENG/00581,Pranay,CIVIL ENGINEER,SITE ENGINEER,,MAHARASHTRA,MUMBAI,+91 80970 41571,
CM/ENG/00582,Pranay mishra,CIVIL ENGINEER,SITE ENGINEER,,MAHARASHTRA,MUMBAI,+91 88986 85373,
CM/ENG/00583,Prasad sawant,CIVIL ENGINEER,SITE ENGINEER,,MAHARASHTRA,MUMBAI,+91 87961 06320,
CM/ENG/00584,Prasad vadaje,CIVIL ENGINEER,SITE ENGINEER,,MAHARASHTRA,MUMBAI,+91 95276 04674,
CM/ENG/00585,Prashant hiray,CIVIL ENGINEER,SITE ENGINEER,,MAHARASHTRA,MUMBAI,+91 77219 13737,
CM/ENG/00586,Prashant ,CIVIL ENGINEER,SITE ENGINEER,,MAHARASHTRA,MUMBAI,+91 93097 67221,
CM/ENG/00587,Prashant ,CIVIL ENGINEER,SITE ENGINEER,,MAHARASHTRA,MUMBAI,+91 83848 65508,
CM/ENG/00588,Prashant,CIVIL ENGINEER,SITE ENGINEER,,MAHARASHTRA,MUMBAI,+91 98207 50010,
CM/ENG/00589,Pratham koli,CIVIL ENGINEER,SITE ENGINEER,,MAHARASHTRA,MUMBAI,+91 96199 61331,
CM/ENG/00590,Prathamesh,CIVIL ENGINEER,SITE ENGINEER,,MAHARASHTRA,MUMBAI,+91 98337 88682,
CM/ENG/00591,Pratik,CIVIL ENGINEER,SITE ENGINEER,,MAHARASHTRA,MUMBAI,+91 77689 41117,
CM/ENG/00592,Pratik salvi,CIVIL ENGINEER,SITE ENGINEER,,MAHARASHTRA,MUMBAI,+91 90299 29104,
CM/ENG/00593,Pratik bagwe,CIVIL ENGINEER,SITE ENGINEER,,MAHARASHTRA,MUMBAI,+91 87792 67188,
CM/ENG/00594,Pratikesh kadam,CIVIL ENGINEER,SITE ENGINEER,,MAHARASHTRA,MUMBAI,+91 84335 71797,
CM/ENG/00595,Pratik,CIVIL ENGINEER,SITE ENGINEER,,MAHARASHTRA,MUMBAI,+91 97021 99046,
CM/ENG/00596,Praveen gaikwad,CIVIL ENGINEER,SITE ENGINEER,,MAHARASHTRA,MUMBAI,+91 79779 94625,
CM/ENG/00597,Praveen yadav,CIVIL ENGINEER,SITE ENGINEER,,MAHARASHTRA,MUMBAI,+91 75239 27510,
CM/ENG/00598,Pravesh pandey,CIVIL ENGINEER,SITE ENGINEER,,MAHARASHTRA,MUMBAI,+91 97730 20860,
CM/ENG/00599,Pravin gaikwad,CIVIL ENGINEER,SITE ENGINEER,,MAHARASHTRA,MUMBAI,+91 97024 00326,
CM/ENG/00600,Pravin kajari,CIVIL ENGINEER,SITE ENGINEER,,MAHARASHTRA,MUMBAI,+91 70830 96191,
CM/ENG/00601,Pravin s devaliya,CIVIL ENGINEER,SITE ENGINEER,,MAHARASHTRA,MUMBAI,+91 82913 48866,
CM/ENG/00602,Pravin gadkari,CIVIL ENGINEER,SITE ENGINEER,,MAHARASHTRA,MUMBAI,+91 90498 25755,
CM/ENG/00603,Pravya katare,CIVIL ENGINEER,SITE ENGINEER,,MAHARASHTRA,MUMBAI,+91 78750 00615,
CM/ENG/00604,Priyanka mahajan,CIVIL ENGINEER,SITE ENGINEER,,MAHARASHTRA,MUMBAI,+91 77700 74908,
CM/ENG/00605,Punit bhurke,CIVIL ENGINEER,SITE ENGINEER,,MAHARASHTRA,MUMBAI,+91 97697 17695,
CM/ENG/00606,CM/ENG/00606,CIVIL ENGINEER,SITE ENGINEER,,MAHARASHTRA,MUMBAI,+91 78754 15767,
CM/ENG/00607,Qasim mulla,CIVIL ENGINEER,SITE ENGINEER,,MAHARASHTRA,MUMBAI,+91 85009 66110,
CM/ENG/00608,CM/ENG/00608,CIVIL ENGINEER,SITE ENGINEER,,MAHARASHTRA,MUMBAI,+91 81698 16518,
CM/ENG/00609,R rahul,CIVIL ENGINEER,SITE ENGINEER,,MAHARASHTRA,MUMBAI,+91 95452 03415,
CM/ENG/00610,R.k.varma,CIVIL ENGINEER,SITE ENGINEER,,MAHARASHTRA,MUMBAI,+91 72082 06642,
CM/ENG/00611,CM/ENG/00611,CIVIL ENGINEER,SITE ENGINEER,,MAHARASHTRA,MUMBAI,+91 98697 10534,
CM/ENG/00612,Ragib shoaib,CIVIL ENGINEER,SITE ENGINEER,,MAHARASHTRA,MUMBAI,+91 86040 97095,
CM/ENG/00613,Rahim shaikh,CIVIL ENGINEER,SITE ENGINEER,,MAHARASHTRA,MUMBAI,+91 86008 86336,
CM/ENG/00614,Rahmat,CIVIL ENGINEER,SITE ENGINEER,,MAHARASHTRA,MUMBAI,+91 79773 52269,
CM/ENG/00615,Rahul,CIVIL ENGINEER,SITE ENGINEER,,MAHARASHTRA,MUMBAI,+91 90222 61705,
CM/ENG/00616,Rahul,CIVIL ENGINEER,SITE ENGINEER,,MAHARASHTRA,MUMBAI,+91 95798 59691,
CM/ENG/00617,Rahul banerjee,CIVIL ENGINEER,SITE ENGINEER,,MAHARASHTRA,MUMBAI,+91 98043 78905,
CM/ENG/00618,Rahul bhatt,CIVIL ENGINEER,SITE ENGINEER,,MAHARASHTRA,MUMBAI,+91 79860 72625,
CM/ENG/00619,Rahul divedi,CIVIL ENGINEER,SITE ENGINEER,,MAHARASHTRA,MUMBAI,+91 76666 15308,
CM/ENG/00620,Rahul  vani,CIVIL ENGINEER,SITE ENGINEER,,MAHARASHTRA,MUMBAI,+91 99300 32303,
CM/ENG/00621,Rahul ramjiyani,CIVIL ENGINEER,SITE ENGINEER,,MAHARASHTRA,MUMBAI,+91 97694 30378,
CM/ENG/00622,Rahul shirse,CIVIL ENGINEER,SITE ENGINEER,,MAHARASHTRA,MUMBAI,+91 77380 92874,
CM/ENG/00623,Rahul,CIVIL ENGINEER,SITE ENGINEER,,MAHARASHTRA,MUMBAI,+91 86003 99824,
CM/ENG/00624,CM/ENG/00624,CIVIL ENGINEER,SITE ENGINEER,,MAHARASHTRA,MUMBAI,+91 91400 08097,
CM/ENG/00625,Raja chaudhary,CIVIL ENGINEER,SITE ENGINEER,,MAHARASHTRA,MUMBAI,+91 89797 86813,
CM/ENG/00626,Rajan sangle,CIVIL ENGINEER,SITE ENGINEER,,MAHARASHTRA,MUMBAI,+91 90119 63281,
CM/ENG/00627,Rajani kant ,CIVIL ENGINEER,SITE ENGINEER,,MAHARASHTRA,MUMBAI,+91 90444 76512,
CM/ENG/00628,Rajat kudale,CIVIL ENGINEER,SITE ENGINEER,,MAHARASHTRA,MUMBAI,+91 96197 42517,
CM/ENG/00629,Rajat sharma,CIVIL ENGINEER,SITE ENGINEER,,MAHARASHTRA,MUMBAI,+91 86026 55801,
CM/ENG/00630,Rajesh shelavale,CIVIL ENGINEER,SITE ENGINEER,,MAHARASHTRA,MUMBAI,+91 97027 46827,
CM/ENG/00631,Raj,CIVIL ENGINEER,SITE ENGINEER,,MAHARASHTRA,MUMBAI,+91 93093 38559,
CM/ENG/00632,Rajkishor,CIVIL ENGINEER,SITE ENGINEER,,MAHARASHTRA,MUMBAI,+91 98924 80562,
CM/ENG/00633,Rakesh kamble,CIVIL ENGINEER,SITE ENGINEER,,MAHARASHTRA,MUMBAI,+91 74991 18488,
CM/ENG/00634,Rakesh karande,CIVIL ENGINEER,SITE ENGINEER,,MAHARASHTRA,MUMBAI,+91 90295 07112,
CM/ENG/00635,Ramesh ,CIVIL ENGINEER,SITE ENGINEER,,MAHARASHTRA,MUMBAI,+91 98834 82188,
CM/ENG/00636,Ratnadeepthorat,CIVIL ENGINEER,SITE ENGINEER,,MAHARASHTRA,MUMBAI,+91 99750 77555,
CM/ENG/00637,Ravi,CIVIL ENGINEER,SITE ENGINEER,,MAHARASHTRA,MUMBAI,+91 89541 28600,
CM/ENG/00638,Ravindra pratap,CIVIL ENGINEER,SITE ENGINEER,,MAHARASHTRA,MUMBAI,+91 73808 76891,
CM/ENG/00639,Ripusudan,CIVIL ENGINEER,SITE ENGINEER,,MAHARASHTRA,MUMBAI,+91 88730 92876,
CM/ENG/00640,Rishan shaikh,CIVIL ENGINEER,SITE ENGINEER,,MAHARASHTRA,MUMBAI,+91 94035 20820,
CM/ENG/00641,Rishu singh,CIVIL ENGINEER,SITE ENGINEER,,MAHARASHTRA,MUMBAI,+91 87075 97994,
CM/ENG/00642,Riyaj ahmad,CIVIL ENGINEER,SITE ENGINEER,,MAHARASHTRA,MUMBAI,+91 99183 89421,
CM/ENG/00643,Riyaz,CIVIL ENGINEER,SITE ENGINEER,,MAHARASHTRA,MUMBAI,+91 84220 41418,
CM/ENG/00644,Riyaz altaf qureshi,CIVIL ENGINEER,SITE ENGINEER,,MAHARASHTRA,MUMBAI,+91 96733 34633,
CM/ENG/00645,Rohan,CIVIL ENGINEER,SITE ENGINEER,,MAHARASHTRA,MUMBAI,+91 70398 92797,
CM/ENG/00646,Rohan,CIVIL ENGINEER,SITE ENGINEER,,MAHARASHTRA,MUMBAI,+91 98901 35633,
CM/ENG/00647,Rohan,CIVIL ENGINEER,SITE ENGINEER,,MAHARASHTRA,MUMBAI,+91 88987 40918,
CM/ENG/00648,Rohan deshmukh,CIVIL ENGINEER,SITE ENGINEER,,MAHARASHTRA,MUMBAI,+91 78208 54536,
CM/ENG/00649,Rohit,CIVIL ENGINEER,SITE ENGINEER,,MAHARASHTRA,MUMBAI,+91 89489 45191,
CM/ENG/00650,Rohit bade,CIVIL ENGINEER,SITE ENGINEER,,MAHARASHTRA,MUMBAI,+91 95521 33058,
CM/ENG/00651,Rohit bagal,CIVIL ENGINEER,SITE ENGINEER,,MAHARASHTRA,MUMBAI,+91 98338 28100,
CM/ENG/00652,Rohit gupta,CIVIL ENGINEER,SITE ENGINEER,,MAHARASHTRA,MUMBAI,+91 99878 79744,
CM/ENG/00653,Rohit kulkarni,CIVIL ENGINEER,SITE ENGINEER,,MAHARASHTRA,MUMBAI,+91 98227 29444,
CM/ENG/00654,Rohit kumar,CIVIL ENGINEER,SITE ENGINEER,,MAHARASHTRA,MUMBAI,+91 83685 31243,
CM/ENG/00655,Rohit patil,CIVIL ENGINEER,SITE ENGINEER,,MAHARASHTRA,MUMBAI,+91 80706 04455,
CM/ENG/00656,Roshan patil,CIVIL ENGINEER,SITE ENGINEER,,MAHARASHTRA,MUMBAI,+91 99759 25466,
CM/ENG/00657,Roshan pawar,CIVIL ENGINEER,SITE ENGINEER,,MAHARASHTRA,MUMBAI,+91 91373 81476,
CM/ENG/00658,Rouf alam,CIVIL ENGINEER,SITE ENGINEER,,MAHARASHTRA,MUMBAI,+91 62976 32366,
CM/ENG/00659,CM/ENG/00659,CIVIL ENGINEER,SITE ENGINEER,,MAHARASHTRA,MUMBAI,+91 81084 03725,
CM/ENG/00660,CM/ENG/00660,CIVIL ENGINEER,SITE ENGINEER,,MAHARASHTRA,MUMBAI,+91 98323 05331,
CM/ENG/00661,Rumi karhara,CIVIL ENGINEER,SITE ENGINEER,,MAHARASHTRA,MUMBAI,+91 81301 69896,
CM/ENG/00662,Rupesh,CIVIL ENGINEER,SITE ENGINEER,,MAHARASHTRA,MUMBAI,+91 84259 31417,
CM/ENG/00663,Rushi,CIVIL ENGINEER,SITE ENGINEER,,MAHARASHTRA,MUMBAI,+91 99239 74278,
CM/ENG/00664,Rushikesh,CIVIL ENGINEER,SITE ENGINEER,,MAHARASHTRA,MUMBAI,+91 93097 18035,
CM/ENG/00665,Rutwik kanade,CIVIL ENGINEER,SITE ENGINEER,,MAHARASHTRA,MUMBAI,+91 86691 72001,
CM/ENG/00666,CM/ENG/00666,CIVIL ENGINEER,SITE ENGINEER,,MAHARASHTRA,MUMBAI,+91 78009 81445,
CM/ENG/00667,CM/ENG/00667,CIVIL ENGINEER,SITE ENGINEER,,MAHARASHTRA,MUMBAI,+91 90228 43312,
CM/ENG/00668,raj kaimuri,CIVIL ENGINEER,SITE ENGINEER,,MAHARASHTRA,MUMBAI,+91 91355 83270,
CM/ENG/00669,CM/ENG/00669,CIVIL ENGINEER,SITE ENGINEER,,MAHARASHTRA,MUMBAI,+91 79729 84703,
CM/ENG/00670,CM/ENG/00670,CIVIL ENGINEER,SITE ENGINEER,,MAHARASHTRA,MUMBAI,+91 88610 04709,
CM/ENG/00671,Saad,CIVIL ENGINEER,SITE ENGINEER,,MAHARASHTRA,MUMBAI,+91 63866 18300,
CM/ENG/00672,Sachin,CIVIL ENGINEER,SITE ENGINEER,,MAHARASHTRA,MUMBAI,+91 86008 11897,
CM/ENG/00673,Sachin,CIVIL ENGINEER,SITE ENGINEER,,MAHARASHTRA,MUMBAI,+91 84211 91055,
CM/ENG/00674,Sachin,CIVIL ENGINEER,SITE ENGINEER,,MAHARASHTRA,MUMBAI,+91 95941 70655,
CM/ENG/00675,Sachin ghag,CIVIL ENGINEER,SITE ENGINEER,,MAHARASHTRA,MUMBAI,+91 99202 25907,
CM/ENG/00676,Sachin kamble,CIVIL ENGINEER,SITE ENGINEER,,MAHARASHTRA,MUMBAI,+91 73870 59091,
CM/ENG/00677,Sachin maurya,CIVIL ENGINEER,SITE ENGINEER,,MAHARASHTRA,MUMBAI,+91 86009 22887,
CM/ENG/00678,Sachin chavan,CIVIL ENGINEER,SITE ENGINEER,,MAHARASHTRA,MUMBAI,+91 80739 77174,
CM/ENG/00679,Sachin nanavare,CIVIL ENGINEER,SITE ENGINEER,,MAHARASHTRA,MUMBAI,+91 81084 91227,
CM/ENG/00680,Sagar dutta,CIVIL ENGINEER,SITE ENGINEER,,MAHARASHTRA,MUMBAI,+91 89729 93769,
CM/ENG/00681,Sagar jadhav,CIVIL ENGINEER,SITE ENGINEER,,MAHARASHTRA,MUMBAI,+91 99017 24670,
CM/ENG/00682,Sagar ,CIVIL ENGINEER,SITE ENGINEER,,MAHARASHTRA,MUMBAI,+91 88796 99652,
CM/ENG/00683,Sagar ,CIVIL ENGINEER,SITE ENGINEER,,MAHARASHTRA,MUMBAI,+91 91122 49106,
CM/ENG/00684,Sagar suryavanshi,CIVIL ENGINEER,SITE ENGINEER,,MAHARASHTRA,MUMBAI,+91 79776 81677,
CM/ENG/00685,CM/ENG/00685,CIVIL ENGINEER,SITE ENGINEER,,MAHARASHTRA,MUMBAI,+91 95948 67148,
CM/ENG/00686,Sahid anwar,CIVIL ENGINEER,SITE ENGINEER,,MAHARASHTRA,MUMBAI,+91 97341 87511,
CM/ENG/00687,Sahil mulani,CIVIL ENGINEER,SITE ENGINEER,,MAHARASHTRA,MUMBAI,+91 80551 99693,
CM/ENG/00688,Saif patel,CIVIL ENGINEER,SITE ENGINEER,,MAHARASHTRA,MUMBAI,+91 98217 30635,
CM/ENG/00689,Sairaj khandagale,CIVIL ENGINEER,SITE ENGINEER,,MAHARASHTRA,MUMBAI,+91 90762 19741,
CM/ENG/00690,Sajeed alam,CIVIL ENGINEER,SITE ENGINEER,,MAHARASHTRA,MUMBAI,+91 92848 64434,
CM/ENG/00691,Sajid inamdar,CIVIL ENGINEER,SITE ENGINEER,,MAHARASHTRA,MUMBAI,+91 90672 50637,
CM/ENG/00692,Sakib alam,CIVIL ENGINEER,SITE ENGINEER,,MAHARASHTRA,MUMBAI,+91 70980 59393,
CM/ENG/00693,Salam,CIVIL ENGINEER,SITE ENGINEER,,MAHARASHTRA,MUMBAI,+91 95722 89394,
CM/ENG/00694,Salim mulla,CIVIL ENGINEER,SITE ENGINEER,,MAHARASHTRA,MUMBAI,+91 95037 16979,
CM/ENG/00695,Salman khan,CIVIL ENGINEER,SITE ENGINEER,,MAHARASHTRA,MUMBAI,+91 70660 09800,
CM/ENG/00696,Saloni pawar,CIVIL ENGINEER,SITE ENGINEER,,MAHARASHTRA,MUMBAI,+91 90827 92887,
CM/ENG/00697,CM/ENG/00697,CIVIL ENGINEER,SITE ENGINEER,,MAHARASHTRA,MUMBAI,+91 95119 90313,
CM/ENG/00698,Sameer,CIVIL ENGINEER,SITE ENGINEER,,MAHARASHTRA,MUMBAI,+91 93266 78747,
CM/ENG/00699,Sameer mirza,CIVIL ENGINEER,SITE ENGINEER,,MAHARASHTRA,MUMBAI,+91 76780 52189,
CM/ENG/00700,Sameer shivaji ,CIVIL ENGINEER,SITE ENGINEER,,MAHARASHTRA,MUMBAI,+91 91723 69680,
CM/ENG/00701,Sameer,CIVIL ENGINEER,SITE ENGINEER,,MAHARASHTRA,MUMBAI,+91 84519 97116,
CM/ENG/00702,Sandeep,CIVIL ENGINEER,SITE ENGINEER,,MAHARASHTRA,MUMBAI,+91 90290 89105,
CM/ENG/00703,Sandeep ashok,CIVIL ENGINEER,SITE ENGINEER,,MAHARASHTRA,MUMBAI,+91 91363 21247,
CM/ENG/00704,Sandeep bharati,CIVIL ENGINEER,SITE ENGINEER,,MAHARASHTRA,MUMBAI,+91 99204 80518,
CM/ENG/00705,Sandeep patel,CIVIL ENGINEER,SITE ENGINEER,,MAHARASHTRA,MUMBAI,+91 98193 47006,
CM/ENG/00706,Sandeep,CIVIL ENGINEER,SITE ENGINEER,,MAHARASHTRA,MUMBAI,+91 89330 24279,
CM/ENG/00707,Sandesh jadhav,CIVIL ENGINEER,SITE ENGINEER,,MAHARASHTRA,MUMBAI,+91 86899 15101,
CM/ENG/00708,CM/ENG/00708,CIVIL ENGINEER,SITE ENGINEER,,MAHARASHTRA,MUMBAI,+91 84129 76410,
CM/ENG/00709,Sanjay kumar ,CIVIL ENGINEER,SITE ENGINEER,,MAHARASHTRA,MUMBAI,+91 85738 14639,
CM/ENG/00710,Sanjay panchal,CIVIL ENGINEER,SITE ENGINEER,,MAHARASHTRA,MUMBAI,+91 90671 31536,
CM/ENG/00711,Sanjay sharma,CIVIL ENGINEER,SITE ENGINEER,,MAHARASHTRA,MUMBAI,+91 90827 44858,
CM/ENG/00712,Sanjeet kumar,CIVIL ENGINEER,SITE ENGINEER,,MAHARASHTRA,MUMBAI,+91 79736 09145,
CM/ENG/00713,Sanjeet malhotra,CIVIL ENGINEER,SITE ENGINEER,,MAHARASHTRA,MUMBAI,+91 89626 84755,
CM/ENG/00714,Sanket kandarkar,CIVIL ENGINEER,SITE ENGINEER,,MAHARASHTRA,MUMBAI,+91 87668 11699,
CM/ENG/00715,Sanket gavade,CIVIL ENGINEER,SITE ENGINEER,,MAHARASHTRA,MUMBAI,+91 72190 22854,
CM/ENG/00716,Sanket kute,CIVIL ENGINEER,SITE ENGINEER,,MAHARASHTRA,MUMBAI,+91 98901 02818,
CM/ENG/00717,Santosh ,CIVIL ENGINEER,SITE ENGINEER,,MAHARASHTRA,MUMBAI,+91 90297 40526,
CM/ENG/00718,Santosh dhore,CIVIL ENGINEER,SITE ENGINEER,,MAHARASHTRA,MUMBAI,+91 86928 44244,
CM/ENG/00719,Saroja kumar muni,SAFETY MANAGER,SAFETY OFFICER,,MAHARASHTRA,MUMBAI,+91 90042 45236,
CM/ENG/00720,Sarvesh,CIVIL ENGINEER,SITE ENGINEER,,MAHARASHTRA,MUMBAI,+91 91674 82077,
CM/ENG/00721,Sathya,CIVIL ENGINEER,SITE ENGINEER,,MAHARASHTRA,MUMBAI,+971 52 702 9584,
CM/ENG/00722,Satish patil,CIVIL ENGINEER,SITE ENGINEER,,MAHARASHTRA,MUMBAI,+91 86982 57311,
CM/ENG/00723,Satya,CIVIL ENGINEER,SITE ENGINEER,,MAHARASHTRA,MUMBAI,+91 89172 38379,
CM/ENG/00724,Satyajeet gaud,CIVIL ENGINEER,SITE ENGINEER,,MAHARASHTRA,MUMBAI,+91 99834 83975,
CM/ENG/00725,Satyam,CIVIL ENGINEER,SITE ENGINEER,,MAHARASHTRA,MUMBAI,+91 96653 91423,
CM/ENG/00726,Saurabh dongare,CIVIL ENGINEER,SITE ENGINEER,,MAHARASHTRA,MUMBAI,+91 82688 22737,
CM/ENG/00727,Saurav,CIVIL ENGINEER,SITE ENGINEER,,MAHARASHTRA,MUMBAI,+91 93078 37892,
CM/ENG/00728,Sayed aqueel,CIVIL ENGINEER,SITE ENGINEER,,MAHARASHTRA,MUMBAI,+91 97695 50054,
CM/ENG/00729,Seema,CIVIL ENGINEER,SITE ENGINEER,,MAHARASHTRA,MUMBAI,+91 87478 86831,
CM/ENG/00730,Shah faisal,CIVIL ENGINEER,SITE ENGINEER,,MAHARASHTRA,MUMBAI,+91 99909 43753,
CM/ENG/00731,Shahid,CIVIL ENGINEER,SITE ENGINEER,,MAHARASHTRA,MUMBAI,+91 89767 20427,
CM/ENG/00732,Shahid akbar,CIVIL ENGINEER,SITE ENGINEER,,MAHARASHTRA,MUMBAI,+91 94512 51227,
CM/ENG/00733,Shahid sayyed,CIVIL ENGINEER,SITE ENGINEER,,MAHARASHTRA,MUMBAI,+91 88797 92152,
CM/ENG/00734,Shahwaj,CIVIL ENGINEER,SITE ENGINEER,,MAHARASHTRA,MUMBAI,+91 94729 97947,
CM/ENG/00735,Shahzad,CIVIL ENGINEER,SITE ENGINEER,,MAHARASHTRA,MUMBAI,+91 72084 76268,
CM/ENG/00736,Shah hussain,CIVIL ENGINEER,SITE ENGINEER,,MAHARASHTRA,MUMBAI,+91 87072 95345,
CM/ENG/00737,Shaibal sutradhar,CIVIL ENGINEER,SITE ENGINEER,,MAHARASHTRA,MUMBAI,+91 92650 89356,
CM/ENG/00738,Shaikh amman,CIVIL ENGINEER,SITE ENGINEER,,MAHARASHTRA,MUMBAI,+91 98923 40717,
CM/ENG/00739,Shaikh arshad,CIVIL ENGINEER,SITE ENGINEER,,MAHARASHTRA,MUMBAI,+91 93241 15262,
CM/ENG/00740,Shaikh faizan,CIVIL ENGINEER,SITE ENGINEER,,MAHARASHTRA,MUMBAI,+91 89330 21418,
CM/ENG/00741,Shaikh faizan,CIVIL ENGINEER,SITE ENGINEER,,MAHARASHTRA,MUMBAI,+91 89330 21418,
CM/ENG/00742,Shaikh rizwan,CIVIL ENGINEER,SITE ENGINEER,,MAHARASHTRA,MUMBAI,+91 77961 83810,
CM/ENG/00743,Shaikh shaban,CIVIL ENGINEER,SITE ENGINEER,,MAHARASHTRA,MUMBAI,+91 88983 25085,
CM/ENG/00744,Shaikh shoaib,CIVIL ENGINEER,SITE ENGINEER,,MAHARASHTRA,MUMBAI,+91 88791 56881,
CM/ENG/00745,CM/ENG/00745,CIVIL ENGINEER,SITE ENGINEER,,MAHARASHTRA,MUMBAI,+91 99869 33063,
CM/ENG/00746,Shailesh bowlekar,CIVIL ENGINEER,SITE ENGINEER,,MAHARASHTRA,MUMBAI,+91 95037 14418,
CM/ENG/00747,Shamim ahmad,CIVIL ENGINEER,SITE ENGINEER,,MAHARASHTRA,MUMBAI,+91 96166 08661,
CM/ENG/00748,Shamsher ansari,CIVIL ENGINEER,SITE ENGINEER,,MAHARASHTRA,MUMBAI,+91 98713 41470,
CM/ENG/00749,Shantinath gajare,CIVIL ENGINEER,SITE ENGINEER,,MAHARASHTRA,MUMBAI,+91 90963 49486,
CM/ENG/00750,Sharad patil,CIVIL ENGINEER,SITE ENGINEER,,MAHARASHTRA,MUMBAI,+91 79778 79515,
CM/ENG/00751,Sharif shaikh,CIVIL ENGINEER,SITE ENGINEER,,MAHARASHTRA,MUMBAI,+91 88981 84506,
CM/ENG/00752,Sharique ansari,CIVIL ENGINEER,SITE ENGINEER,,MAHARASHTRA,MUMBAI,+91 93596 24163,
CM/ENG/00753,Sharma saurbh,CIVIL ENGINEER,SITE ENGINEER,,MAHARASHTRA,MUMBAI,+91 73101 45953,
CM/ENG/00754,Sharma shravan,CIVIL ENGINEER,SITE ENGINEER,,MAHARASHTRA,MUMBAI,+91 73761 23270,
CM/ENG/00755,Shashank,CIVIL ENGINEER,SITE ENGINEER,,MAHARASHTRA,MUMBAI,+91 70600 41918,
CM/ENG/00756,Shashank jatte,CIVIL ENGINEER,SITE ENGINEER,,MAHARASHTRA,MUMBAI,+91 89999 23561,
CM/ENG/00757,Shefali,CIVIL ENGINEER,SITE ENGINEER,,MAHARASHTRA,MUMBAI,+91 88981 30184,
CM/ENG/00758,Shekhar panmand,CIVIL ENGINEER,SITE ENGINEER,,MAHARASHTRA,MUMBAI,+91 90820 97162,
CM/ENG/00759,Shekh wazid,CIVIL ENGINEER,SITE ENGINEER,,MAHARASHTRA,MUMBAI,+91 96301 42725,
CM/ENG/00760,Shermeen ,CIVIL ENGINEER,SITE ENGINEER,,MAHARASHTRA,MUMBAI,+91 96198 48719,
CM/ENG/00761,Shivam pawar,CIVIL ENGINEER,SITE ENGINEER,,MAHARASHTRA,MUMBAI,+91 95274 87349,
CM/ENG/00762,Shoaib ahmed,CIVIL ENGINEER,SITE ENGINEER,,MAHARASHTRA,MUMBAI,+91 78290 78990,
CM/ENG/00763,Shreyas,CIVIL ENGINEER,SITE ENGINEER,,MAHARASHTRA,MUMBAI,+91 70839 18282,
CM/ENG/00764,Shubham,CIVIL ENGINEER,SITE ENGINEER,,MAHARASHTRA,MUMBAI,+91 91467 49965,
CM/ENG/00765,Shubham,CIVIL ENGINEER,SITE ENGINEER,,MAHARASHTRA,MUMBAI,+91 77109 94868,
CM/ENG/00766,Shubham khapre,CIVIL ENGINEER,SITE ENGINEER,,MAHARASHTRA,MUMBAI,+91 73857 89154,
CM/ENG/00767,Shubham shelar,CIVIL ENGINEER,SITE ENGINEER,,MAHARASHTRA,MUMBAI,+91 70669 01409,
CM/ENG/00768,Shubham singh,CIVIL ENGINEER,SITE ENGINEER,,MAHARASHTRA,MUMBAI,+91 72360 04581,
CM/ENG/00769,Shubhanshu,CIVIL ENGINEER,SITE ENGINEER,,MAHARASHTRA,MUMBAI,+91 63067 02035,
CM/ENG/00770,Shweta,CIVIL ENGINEER,SITE ENGINEER,,MAHARASHTRA,MUMBAI,+91 91674 93723,
CM/ENG/00771,Shyamal mishra,CIVIL ENGINEER,SITE ENGINEER,,MAHARASHTRA,MUMBAI,+91 73541 70340,
CM/ENG/00772,Siddhant ,CIVIL ENGINEER,SITE ENGINEER,,MAHARASHTRA,MUMBAI,+91 85916 43374,
CM/ENG/00773,Sintu raj,CIVIL ENGINEER,SITE ENGINEER,,MAHARASHTRA,MUMBAI,+91 63758 78993,
CM/ENG/00774,Shaikh ajmul,CIVIL ENGINEER,SITE ENGINEER,,MAHARASHTRA,MUMBAI,+91 76022 72480,
CM/ENG/00775,Sofi shaikh,CIVIL ENGINEER,SITE ENGINEER,,MAHARASHTRA,MUMBAI,+91 72082 21941,
CM/ENG/00776,Sohail ansari,CIVIL ENGINEER,SITE ENGINEER,,MAHARASHTRA,MUMBAI,+91 99204 55686,
CM/ENG/00777,CM/ENG/00777,CIVIL ENGINEER,SITE ENGINEER,,MAHARASHTRA,MUMBAI,+91 98671 73541,
CM/ENG/00778,Sonu,CIVIL ENGINEER,SITE ENGINEER,,MAHARASHTRA,MUMBAI,+91 95605 24249,
CM/ENG/00779,Sonu yadav,CIVIL ENGINEER,SITE ENGINEER,,MAHARASHTRA,MUMBAI,+91 79051 26502,
CM/ENG/00780,Sonu maurya,CIVIL ENGINEER,SITE ENGINEER,,MAHARASHTRA,MUMBAI,+91 76072 70680,
CM/ENG/00781,Soumitra ghosh,CIVIL ENGINEER,SITE ENGINEER,,MAHARASHTRA,MUMBAI,+91 79809 34299,
CM/ENG/00782,Soyab sayyed,CIVIL ENGINEER,SITE ENGINEER,,MAHARASHTRA,MUMBAI,+91 76652 12192,
CM/ENG/00783,CM/ENG/00783,CIVIL ENGINEER,SITE ENGINEER,,MAHARASHTRA,MUMBAI,+91 98874 22163,
CM/ENG/00784,CM/ENG/00784,CIVIL ENGINEER,SITE ENGINEER,,MAHARASHTRA,MUMBAI,+91 85060 75843,
CM/ENG/00785,Srikanta,CIVIL ENGINEER,SITE ENGINEER,,MAHARASHTRA,MUMBAI,+91 70393 54412,
CM/ENG/00786,Srishti,CIVIL ENGINEER,SITE ENGINEER,,MAHARASHTRA,MUMBAI,+91 77659 87402,
CM/ENG/00787,CM/ENG/00787,CIVIL ENGINEER,SITE ENGINEER,,MAHARASHTRA,MUMBAI,+91 81695 94763,
CM/ENG/00788,Subhash,CIVIL ENGINEER,SITE ENGINEER,,MAHARASHTRA,MUMBAI,+91 99305 69927,
CM/ENG/00789,Sujeet sharma,CIVIL ENGINEER,SITE ENGINEER,,MAHARASHTRA,MUMBAI,+91 88798 46878,
CM/ENG/00790,Sukanta,CIVIL ENGINEER,SITE ENGINEER,,MAHARASHTRA,MUMBAI,+91 70019 25905,
CM/ENG/00791,Sultan azlaan,CIVIL ENGINEER,SITE ENGINEER,,MAHARASHTRA,MUMBAI,+91 99361 85700,
CM/ENG/00792,Sumanta nayak,CIVIL ENGINEER,SITE ENGINEER,,MAHARASHTRA,MUMBAI,+91 89723 54246,
CM/ENG/00793,Sumit upadhyay,CIVIL ENGINEER,SITE ENGINEER,,MAHARASHTRA,MUMBAI,+91 85284 98552,
CM/ENG/00794,Sunil,CIVIL ENGINEER,SITE ENGINEER,,MAHARASHTRA,MUMBAI,+91 88844 24899,
CM/ENG/00795,Sunil kumar gaut,CIVIL ENGINEER,SITE ENGINEER,,MAHARASHTRA,MUMBAI,+91 85459 84250,
CM/ENG/00796,Sunil,CIVIL ENGINEER,SITE ENGINEER,,MAHARASHTRA,MUMBAI,+91 98205 50758,
CM/ENG/00797,Sunit ,CIVIL ENGINEER,SITE ENGINEER,,MAHARASHTRA,MUMBAI,+91 81148 10184,
CM/ENG/00798,Suraj,CIVIL ENGINEER,SITE ENGINEER,,MAHARASHTRA,MUMBAI,+91 88502 28940,
CM/ENG/00799,Suraj sonkar,CIVIL ENGINEER,SITE ENGINEER,,MAHARASHTRA,MUMBAI,+91 90822 85708,
CM/ENG/00800,Suraj patil,CIVIL ENGINEER,SITE ENGINEER,,MAHARASHTRA,MUMBAI,+91 86523 47387,
CM/ENG/00801,Suraj,CIVIL ENGINEER,SITE ENGINEER,,MAHARASHTRA,MUMBAI,+91 73873 05405,
CM/ENG/00802,Suraj bhuse,CIVIL ENGINEER,SITE ENGINEER,,MAHARASHTRA,MUMBAI,+91 84595 81799,
CM/ENG/00803,Suraj,CIVIL ENGINEER,SITE ENGINEER,,MAHARASHTRA,MUMBAI,+91 88878 81471,
CM/ENG/00804,Surajit sutradhar,CIVIL ENGINEER,SITE ENGINEER,,MAHARASHTRA,MUMBAI,+91 96355 99290,
CM/ENG/00805,Suraka shaikh,CIVIL ENGINEER,SITE ENGINEER,,MAHARASHTRA,MUMBAI,+91 79725 39390,
CM/ENG/00806,Surya,CIVIL ENGINEER,SITE ENGINEER,,MAHARASHTRA,MUMBAI,+91 74208 06895,
CM/ENG/00807,Suryakant ,CIVIL ENGINEER,SITE ENGINEER,,MAHARASHTRA,MUMBAI,+91 87961 27154,
CM/ENG/00808,Sushant,CIVIL ENGINEER,SITE ENGINEER,,MAHARASHTRA,MUMBAI,+91 70575 91232,
CM/ENG/00809,Swarup benere,CIVIL ENGINEER,SITE ENGINEER,,MAHARASHTRA,MUMBAI,+91 84248 40903,
CM/ENG/00810,Syed kashan,CIVIL ENGINEER,SITE ENGINEER,,MAHARASHTRA,MUMBAI,+91 97086 77040,
CM/ENG/00811,Syed shoaib,CIVIL ENGINEER,SITE ENGINEER,,MAHARASHTRA,MUMBAI,+91 80956 25730,
CM/ENG/00812,Syed shoeb ,CIVIL ENGINEER,SITE ENGINEER,,MAHARASHTRA,MUMBAI,+91 92421 00348,
CM/ENG/00813,Syed irfan,CIVIL ENGINEER,SITE ENGINEER,,MAHARASHTRA,MUMBAI,+91 76250 63034,
CM/ENG/00814,CM/ENG/00814,CIVIL ENGINEER,SITE ENGINEER,,MAHARASHTRA,MUMBAI,+91 88283 48508,
CM/ENG/00815,Tabrez,CIVIL ENGINEER,SITE ENGINEER,,MAHARASHTRA,MUMBAI,+91 98336 56258,
CM/ENG/00816,Taiki sheikh,CIVIL ENGINEER,SITE ENGINEER,,MAHARASHTRA,MUMBAI,+966 50 618 2157,
CM/ENG/00817,CM/ENG/00817,CIVIL ENGINEER,SITE ENGINEER,,MAHARASHTRA,MUMBAI,+91 83291 18739,
CM/ENG/00818,Tanmay pednekar,CIVIL ENGINEER,SITE ENGINEER,,MAHARASHTRA,MUMBAI,+91 81044 32440,
CM/ENG/00819,Tanveer shaikh,CIVIL ENGINEER,SITE ENGINEER,,MAHARASHTRA,MUMBAI,+91 93258 25425,
CM/ENG/00820,Tanvesh,CIVIL ENGINEER,SITE ENGINEER,,MAHARASHTRA,MUMBAI,+91 99675 48856,
CM/ENG/00821,CM/ENG/00821,CIVIL ENGINEER,SITE ENGINEER,,MAHARASHTRA,MUMBAI,+91 87936 35447,
CM/ENG/00822,The azhar ali,CIVIL ENGINEER,SITE ENGINEER,,MAHARASHTRA,MUMBAI,+91 97681 07434,
CM/ENG/00823,CM/ENG/00823,CIVIL ENGINEER,SITE ENGINEER,,MAHARASHTRA,MUMBAI,+91 77981 07978,
CM/ENG/00824,CM/ENG/00824,CIVIL ENGINEER,SITE ENGINEER,,MAHARASHTRA,MUMBAI,+91 84509 01451,
CM/ENG/00825,Tufail ansari,CIVIL ENGINEER,SITE ENGINEER,,MAHARASHTRA,MUMBAI,+91 90225 24577,
CM/ENG/00826,CM/ENG/00826,CIVIL ENGINEER,SITE ENGINEER,,MAHARASHTRA,MUMBAI,+91 99809 96235,
CM/ENG/00827,Tushar,CIVIL ENGINEER,SITE ENGINEER,,MAHARASHTRA,MUMBAI,+91 95612 97024,
CM/ENG/00828,Tushar,CIVIL ENGINEER,SITE ENGINEER,,MAHARASHTRA,MUMBAI,+91 86919 00480,
CM/ENG/00829,Tushar sawant,CIVIL ENGINEER,SITE ENGINEER,,MAHARASHTRA,MUMBAI,+91 99605 26410,
CM/ENG/00830,Tushar otari,CIVIL ENGINEER,SITE ENGINEER,,MAHARASHTRA,MUMBAI,+91 95037 91628,
CM/ENG/00831,Uday kaushik,CIVIL ENGINEER,SITE ENGINEER,,MAHARASHTRA,MUMBAI,+91 78277 03375,
CM/ENG/00832,CM/ENG/00832,CIVIL ENGINEER,SITE ENGINEER,,MAHARASHTRA,MUMBAI,+91 90766 43543,
CM/ENG/00833,CM/ENG/00833,CIVIL ENGINEER,SITE ENGINEER,,MAHARASHTRA,MUMBAI,+91 90297 36765,
CM/ENG/00834,CM/ENG/00834,CIVIL ENGINEER,SITE ENGINEER,,MAHARASHTRA,MUMBAI,+91 93261 86019,
CM/ENG/00835,Upendra sahani,CIVIL ENGINEER,SITE ENGINEER,,MAHARASHTRA,MUMBAI,+91 98673 40789,
CM/ENG/00836,Vaibhav kulaye,CIVIL ENGINEER,SITE ENGINEER,,MAHARASHTRA,MUMBAI,+91 90049 44832,
CM/ENG/00837,Vaibhav khetkade,CIVIL ENGINEER,SITE ENGINEER,,MAHARASHTRA,MUMBAI,+91 78209 70320,
CM/ENG/00838,CM/ENG/00838,CIVIL ENGINEER,SITE ENGINEER,,MAHARASHTRA,MUMBAI,+91 83037 96145,
CM/ENG/00839,Vicky nadar,CIVIL ENGINEER,SITE ENGINEER,,MAHARASHTRA,MUMBAI,+91 88792 75697,
CM/ENG/00840,CM/ENG/00840,CIVIL ENGINEER,SITE ENGINEER,,MAHARASHTRA,MUMBAI,+91 81048 49542,
CM/ENG/00841,Vijay,CIVIL ENGINEER,SITE ENGINEER,,MAHARASHTRA,MUMBAI,+91 77218 56183,
CM/ENG/00842,Vijay jha,CIVIL ENGINEER,SITE ENGINEER,,MAHARASHTRA,MUMBAI,+91 77150 08380,
CM/ENG/00843,Vijay rai,CIVIL ENGINEER,SITE ENGINEER,,MAHARASHTRA,MUMBAI,+91 79770 39944,
CM/ENG/00844,Vijay,CIVIL ENGINEER,SITE ENGINEER,,MAHARASHTRA,MUMBAI,+91 87938 02039,
CM/ENG/00845,Vijay vishnu,CIVIL ENGINEER,SITE ENGINEER,,MAHARASHTRA,MUMBAI,+91 98921 16509,
CM/ENG/00846,Vijay yadav,CIVIL ENGINEER,SITE ENGINEER,,MAHARASHTRA,MUMBAI,+91 77059 44362,
CM/ENG/00847,Vijay pawar,CIVIL ENGINEER,SITE ENGINEER,,MAHARASHTRA,MUMBAI,+91 98679 16001,
CM/ENG/00848,Vijay reddy ,CIVIL ENGINEER,SITE ENGINEER,,MAHARASHTRA,MUMBAI,+91 97412 32307,
CM/ENG/00849,Vikas chaudhary,CIVIL ENGINEER,SITE ENGINEER,,MAHARASHTRA,MUMBAI,+91 73044 29411,
CM/ENG/00850,Vikas ghadge,CIVIL ENGINEER,SITE ENGINEER,,MAHARASHTRA,MUMBAI,+91 73046 72205,
CM/ENG/00851,Vikas kumar ,CIVIL ENGINEER,SITE ENGINEER,,MAHARASHTRA,MUMBAI,+91 63873 18292,
CM/ENG/00852,Vikas ,CIVIL ENGINEER,SITE ENGINEER,,MAHARASHTRA,MUMBAI,+91 88982 81575,
CM/ENG/00853,Vikas ,CIVIL ENGINEER,SITE ENGINEER,,MAHARASHTRA,MUMBAI,+91 99304 18712,
CM/ENG/00854,Vikas sharma,CIVIL ENGINEER,SITE ENGINEER,,MAHARASHTRA,MUMBAI,+91 97362 16045,
CM/ENG/00855,Vikash kumar,CIVIL ENGINEER,SITE ENGINEER,,MAHARASHTRA,MUMBAI,+91 90668 75541,
CM/ENG/00856,Vikram,CIVIL ENGINEER,SITE ENGINEER,,MAHARASHTRA,MUMBAI,+91 81778 79002,
CM/ENG/00857,Vinay,CIVIL ENGINEER,SITE ENGINEER,,MAHARASHTRA,MUMBAI,+91 70180 11449,
CM/ENG/00858,Vinay,CIVIL ENGINEER,SITE ENGINEER,,MAHARASHTRA,MUMBAI,+91 77986 03624,
CM/ENG/00859,Vinayak singh,CIVIL ENGINEER,SITE ENGINEER,,MAHARASHTRA,MUMBAI,+91 97698 52887,
CM/ENG/00860,Vinay,CIVIL ENGINEER,SITE ENGINEER,,MAHARASHTRA,MUMBAI,+91 80977 63965,
CM/ENG/00861,Vinod upadhyay,CIVIL ENGINEER,SITE ENGINEER,,MAHARASHTRA,MUMBAI,+91 98708 13530,
CM/ENG/00862,CM/ENG/00862,CIVIL ENGINEER,SITE ENGINEER,,MAHARASHTRA,MUMBAI,+91 98693 13108,
CM/ENG/00863,Vipin pathak,CIVIL ENGINEER,SITE ENGINEER,,MAHARASHTRA,MUMBAI,+91 79779 56407,
CM/ENG/00864,CM/ENG/00864,CIVIL ENGINEER,SITE ENGINEER,,MAHARASHTRA,MUMBAI,+91 89287 37939,
CM/ENG/00865,Viren ,CIVIL ENGINEER,SITE ENGINEER,,MAHARASHTRA,MUMBAI,+91 77383 27246,
CM/ENG/00866,Virendra chaple,CIVIL ENGINEER,SITE ENGINEER,,MAHARASHTRA,MUMBAI,+91 90046 29298,
CM/ENG/00867,Vishal amoghe,CIVIL ENGINEER,SITE ENGINEER,,MAHARASHTRA,MUMBAI,+91 87881 69278,
CM/ENG/00868,Vishal jadhav,CIVIL ENGINEER,SITE ENGINEER,,MAHARASHTRA,MUMBAI,+91 75075 14400,
CM/ENG/00869,Vishal ,CIVIL ENGINEER,SITE ENGINEER,,MAHARASHTRA,MUMBAI,+91 99309 71015,
CM/ENG/00870,Vishal pandit,CIVIL ENGINEER,SITE ENGINEER,,MAHARASHTRA,MUMBAI,+91 95453 60319,
CM/ENG/00871,Vishal warke,CIVIL ENGINEER,SITE ENGINEER,,MAHARASHTRA,MUMBAI,+91 94037 31575,
CM/ENG/00872,Vishal,CIVIL ENGINEER,SITE ENGINEER,,MAHARASHTRA,MUMBAI,+91 80807 30757,
CM/ENG/00873,Vishal,CIVIL ENGINEER,SITE ENGINEER,,MAHARASHTRA,MUMBAI,+91 99878 45045,
CM/ENG/00874,CM/ENG/00874,CIVIL ENGINEER,SITE ENGINEER,,MAHARASHTRA,MUMBAI,+91 70455 05442,
CM/ENG/00875,Vishvajit,CIVIL ENGINEER,SITE ENGINEER,,MAHARASHTRA,MUMBAI,+91 91684 21293,
CM/ENG/00876,Vishwanath pawar,CIVIL ENGINEER,SITE ENGINEER,,MAHARASHTRA,MUMBAI,+91 99697 48136,
CM/ENG/00877,CM/ENG/00877,CIVIL ENGINEER,SITE ENGINEER,,MAHARASHTRA,MUMBAI,+91 99752 81249,
CM/ENG/00878,Vivek,CIVIL ENGINEER,SITE ENGINEER,,MAHARASHTRA,MUMBAI,+91 75066 38806,
CM/ENG/00879,Vivek,CIVIL ENGINEER,SITE ENGINEER,,MAHARASHTRA,MUMBAI,+91 77382 23960,
CM/ENG/00880,Vivek ahire,CIVIL ENGINEER,SITE ENGINEER,,MAHARASHTRA,MUMBAI,+91 82913 97334,
CM/ENG/00881,CM/ENG/00881,CIVIL ENGINEER,SITE ENGINEER,,MAHARASHTRA,MUMBAI,+91 78006 05015,
CM/ENG/00882,CM/ENG/00882,CIVIL ENGINEER,SITE ENGINEER,,MAHARASHTRA,MUMBAI,+91 96194 76011,
CM/ENG/00883,Waqar,CIVIL ENGINEER,SITE ENGINEER,,MAHARASHTRA,MUMBAI,+91 99673 19311,
CM/ENG/00884,Wasi mubarak,CIVIL ENGINEER,SITE ENGINEER,,MAHARASHTRA,MUMBAI,+91 94333 02001,
CM/ENG/00885,Wivek,CIVIL ENGINEER,SITE ENGINEER,,MAHARASHTRA,MUMBAI,+91 88882 58108,
CM/ENG/00886,CM/ENG/00886,CIVIL ENGINEER,SITE ENGINEER,,MAHARASHTRA,MUMBAI,+91 70305 59207,
CM/ENG/00887,CM/ENG/00887,CIVIL ENGINEER,SITE ENGINEER,,MAHARASHTRA,MUMBAI,+91 93363 02400,
CM/ENG/00888,CM/ENG/00888,CIVIL ENGINEER,SITE ENGINEER,,MAHARASHTRA,MUMBAI,+91 89577 94442,
CM/ENG/00889,Yaseen,CIVIL ENGINEER,SITE ENGINEER,,MAHARASHTRA,MUMBAI,+91 81690 68676,
CM/ENG/00890,Yash nikam,CIVIL ENGINEER,SITE ENGINEER,,MAHARASHTRA,MUMBAI,+91 86006 90484,
CM/ENG/00891,Yash,CIVIL ENGINEER,SITE ENGINEER,,MAHARASHTRA,MUMBAI,+91 86688 37995,
CM/ENG/00892,Yasir zhari,CIVIL ENGINEER,SITE ENGINEER,,MAHARASHTRA,MUMBAI,+91 91376 13327,
CM/ENG/00893,Yogesh,CIVIL ENGINEER,SITE ENGINEER,,MAHARASHTRA,MUMBAI,+91 96049 70519,
CM/ENG/00894,Yogesh kamble,CIVIL ENGINEER,SITE ENGINEER,,MAHARASHTRA,MUMBAI,+91 87675 69897,
CM/ENG/00895,Yogesh pal,CIVIL ENGINEER,SITE ENGINEER,,MAHARASHTRA,MUMBAI,+91 91400 74423,
CM/ENG/00896,Yogesh patel,CIVIL ENGINEER,SITE ENGINEER,,MAHARASHTRA,MUMBAI,+91 98690 17053,
CM/ENG/00897,Yogesh sonawane,CIVIL ENGINEER,SITE ENGINEER,,MAHARASHTRA,MUMBAI,+91 98193 14965,
CM/ENG/00898,CM/ENG/00898,CIVIL ENGINEER,SITE ENGINEER,,MAHARASHTRA,MUMBAI,+91 81491 08833,
CM/ENG/00899,Yusuf momin,CIVIL ENGINEER,SITE ENGINEER,,MAHARASHTRA,MUMBAI,+91 78754 99068,
CM/ENG/00900,Zaid ansari,CIVIL ENGINEER,SITE ENGINEER,,MAHARASHTRA,MUMBAI,+91 76667 62085,
CM/ENG/00901,Zakir khan,CIVIL ENGINEER,SITE ENGINEER,,MAHARASHTRA,MUMBAI,+91 96995 66741,
CM/ENG/00902,Zishan akhtar,CIVIL ENGINEER,SITE ENGINEER,,MAHARASHTRA,MUMBAI,+91 76329 03850,
CM/ENG/00903,Zulqarnain,CIVIL ENGINEER,SITE ENGINEER,,MAHARASHTRA,MUMBAI,+91 75458 22600,
CM/ENG/00904,CM/ENG/00904,CIVIL ENGINEER,SITE ENGINEER,,MAHARASHTRA,MUMBAI,+91 77448 29728,
CM/ENG/00905,Ehtisham,CIVIL ENGINEER,SITE ENGINEER,,MAHARASHTRA,MUMBAI,+91 80092 62809,
CM/ENG/00906,Umair ansari ,CIVIL ENGINEER,SITE ENGINEER,,MAHARASHTRA,MUMBAI,+91 82086 68277,
CM/ENG/00907,Mohammad irfan sheikh ,CIVIL ENGINEER,SITE ENGINEER,,MAHARASHTRA,MUMBAI,+91 73033 04809,
CM/ENG/00908,Maroof khan ,CIVIL ENGINEER,SITE ENGINEER,,MAHARASHTRA,MUMBAI,+91 81085 47224,
CM/ENG/00909,Nitin,CIVIL ENGINEER,SITE ENGINEER,,MAHARASHTRA,MUMBAI,+91 83295 42576,
CM/ENG/00910,Yogesh patil,CIVIL ENGINEER,SITE ENGINEER,,MAHARASHTRA,MUMBAI,+91 91678 75479,
CM/ENG/00911,Sunny padvekar ,CIVIL ENGINEER,SITE ENGINEER,,MAHARASHTRA,MUMBAI,+91 86524 02049,
CM/ENG/00912,Siddhi ,CIVIL ENGINEER,SITE ENGINEER,,MAHARASHTRA,MUMBAI,+91 95949 32254,
CM/ENG/00913,CM/ENG/00913,CIVIL ENGINEER,SITE ENGINEER,,MAHARASHTRA,MUMBAI,+91 62009 67754,
CM/ENG/00914,CM/ENG/00914,CIVIL ENGINEER,SITE ENGINEER,,MAHARASHTRA,MUMBAI,+91 62013 67522,
CM/ENG/00915,CM/ENG/00915,CIVIL ENGINEER,SITE ENGINEER,,MAHARASHTRA,MUMBAI,+91 63008 97064,
CM/ENG/00916,CM/ENG/00916,CIVIL ENGINEER,SITE ENGINEER,,MAHARASHTRA,MUMBAI,+91 70284 59301,
CM/ENG/00917,CM/ENG/00917,CIVIL ENGINEER,SITE ENGINEER,,MAHARASHTRA,MUMBAI,+91 70285 02180,
CM/ENG/00918,CM/ENG/00918,CIVIL ENGINEER,SITE ENGINEER,,MAHARASHTRA,MUMBAI,+91 70393 61774,
CM/ENG/00919,CM/ENG/00919,CIVIL ENGINEER,SITE ENGINEER,,MAHARASHTRA,MUMBAI,+91 70393 65790,
CM/ENG/00920,CM/ENG/00920,CIVIL ENGINEER,SITE ENGINEER,,MAHARASHTRA,MUMBAI,+91 70401 49285,
CM/ENG/00921,CM/ENG/00921,CIVIL ENGINEER,SITE ENGINEER,,MAHARASHTRA,MUMBAI,+91 70453 19996,
CM/ENG/00922,CM/ENG/00922,CIVIL ENGINEER,SITE ENGINEER,,MAHARASHTRA,MUMBAI,+91 70457 95269,
CM/ENG/00923,CM/ENG/00923,CIVIL ENGINEER,SITE ENGINEER,,MAHARASHTRA,MUMBAI,+91 70575 67606,
CM/ENG/00924,CM/ENG/00924,CIVIL ENGINEER,SITE ENGINEER,,MAHARASHTRA,MUMBAI,+91 70702 41484,
CM/ENG/00925,CM/ENG/00925,CIVIL ENGINEER,SITE ENGINEER,,MAHARASHTRA,MUMBAI,+91 72099 68580,
CM/ENG/00926,CM/ENG/00926,CIVIL ENGINEER,SITE ENGINEER,,MAHARASHTRA,MUMBAI,+91 72630 77239,
CM/ENG/00927,CM/ENG/00927,CIVIL ENGINEER,SITE ENGINEER,,MAHARASHTRA,MUMBAI,+91 73040 54538,
CM/ENG/00928,CM/ENG/00928,CIVIL ENGINEER,SITE ENGINEER,,MAHARASHTRA,MUMBAI,+91 73503 88389,
CM/ENG/00929,CM/ENG/00929,CIVIL ENGINEER,SITE ENGINEER,,MAHARASHTRA,MUMBAI,+91 73507 86652,
CM/ENG/00930,CM/ENG/00930,CIVIL ENGINEER,SITE ENGINEER,,MAHARASHTRA,MUMBAI,+91 73679 30953,
CM/ENG/00931,CM/ENG/00931,CIVIL ENGINEER,SITE ENGINEER,,MAHARASHTRA,MUMBAI,+91 73888 72530,
CM/ENG/00932,CM/ENG/00932,CIVIL ENGINEER,SITE ENGINEER,,MAHARASHTRA,MUMBAI,+91 74832 59672,
CM/ENG/00933,CM/ENG/00933,CIVIL ENGINEER,SITE ENGINEER,,MAHARASHTRA,MUMBAI,+91 75064 62047,
CM/ENG/00934,CM/ENG/00934,CIVIL ENGINEER,SITE ENGINEER,,MAHARASHTRA,MUMBAI,+91 75073 76774,
CM/ENG/00935,CM/ENG/00935,CIVIL ENGINEER,SITE ENGINEER,,MAHARASHTRA,MUMBAI,+91 76669 92308,
CM/ENG/00936,CM/ENG/00936,CIVIL ENGINEER,SITE ENGINEER,,MAHARASHTRA,MUMBAI,+91 77099 33024,
CM/ENG/00937,CM/ENG/00937,CIVIL ENGINEER,SITE ENGINEER,,MAHARASHTRA,MUMBAI,+91 77384 00417,
CM/ENG/00938,CM/ENG/00938,CIVIL ENGINEER,SITE ENGINEER,,MAHARASHTRA,MUMBAI,+91 77760 77708,
CM/ENG/00939,CM/ENG/00939,CIVIL ENGINEER,SITE ENGINEER,,MAHARASHTRA,MUMBAI,+91 78759 55512,
CM/ENG/00940,CM/ENG/00940,CIVIL ENGINEER,SITE ENGINEER,,MAHARASHTRA,MUMBAI,+91 78876 26561,
CM/ENG/00941,CM/ENG/00941,CIVIL ENGINEER,SITE ENGINEER,,MAHARASHTRA,MUMBAI,+91 79001 72630,
CM/ENG/00942,CM/ENG/00942,CIVIL ENGINEER,SITE ENGINEER,,MAHARASHTRA,MUMBAI,+91 79032 33620,
CM/ENG/00943,CM/ENG/00943,CIVIL ENGINEER,SITE ENGINEER,,MAHARASHTRA,MUMBAI,+91 79773 48318,
CM/ENG/00944,CM/ENG/00944,CIVIL ENGINEER,SITE ENGINEER,,MAHARASHTRA,MUMBAI,+91 79776 04911,
CM/ENG/00945,CM/ENG/00945,CIVIL ENGINEER,SITE ENGINEER,,MAHARASHTRA,MUMBAI,+91 80095 85211,
CM/ENG/00946,CM/ENG/00946,CIVIL ENGINEER,SITE ENGINEER,,MAHARASHTRA,MUMBAI,+91 80165 08505,
CM/ENG/00947,CM/ENG/00947,CIVIL ENGINEER,SITE ENGINEER,,MAHARASHTRA,MUMBAI,+91 81043 50602,
CM/ENG/00948,CM/ENG/00948,CIVIL ENGINEER,SITE ENGINEER,,MAHARASHTRA,MUMBAI,+91 81087 48058,
CM/ENG/00949,CM/ENG/00949,CIVIL ENGINEER,SITE ENGINEER,,MAHARASHTRA,MUMBAI,+91 81267 95191,
CM/ENG/00950,CM/ENG/00950,CIVIL ENGINEER,SITE ENGINEER,,MAHARASHTRA,MUMBAI,+91 81709 85636,
CM/ENG/00951,CM/ENG/00951,CIVIL ENGINEER,SITE ENGINEER,,MAHARASHTRA,MUMBAI,+91 82187 91857,
CM/ENG/00952,CM/ENG/00952,CIVIL ENGINEER,SITE ENGINEER,,MAHARASHTRA,MUMBAI,+91 82334 44895,
CM/ENG/00953,CM/ENG/00953,CIVIL ENGINEER,SITE ENGINEER,,MAHARASHTRA,MUMBAI,+91 82360 10969,
CM/ENG/00954,CM/ENG/00954,CIVIL ENGINEER,SITE ENGINEER,,MAHARASHTRA,MUMBAI,+91 83030 30121,
CM/ENG/00955,CM/ENG/00955,CIVIL ENGINEER,SITE ENGINEER,,MAHARASHTRA,MUMBAI,+91 83102 36934,
CM/ENG/00956,CM/ENG/00956,CIVIL ENGINEER,SITE ENGINEER,,MAHARASHTRA,MUMBAI,+91 83691 21613,
CM/ENG/00957,CM/ENG/00957,CIVIL ENGINEER,SITE ENGINEER,,MAHARASHTRA,MUMBAI,+91 83809 92623,
CM/ENG/00958,CM/ENG/00958,CIVIL ENGINEER,SITE ENGINEER,,MAHARASHTRA,MUMBAI,+91 84214 62793,
CM/ENG/00959,CM/ENG/00959,CIVIL ENGINEER,SITE ENGINEER,,MAHARASHTRA,MUMBAI,+91 84249 87272,
CM/ENG/00960,CM/ENG/00960,CIVIL ENGINEER,SITE ENGINEER,,MAHARASHTRA,MUMBAI,+91 85309 41789,
CM/ENG/00961,CM/ENG/00961,CIVIL ENGINEER,SITE ENGINEER,,MAHARASHTRA,MUMBAI,+91 86524 88912,
CM/ENG/00962,CM/ENG/00962,CIVIL ENGINEER,SITE ENGINEER,,MAHARASHTRA,MUMBAI,+91 86528 11803,
CM/ENG/00963,CM/ENG/00963,CIVIL ENGINEER,SITE ENGINEER,,MAHARASHTRA,MUMBAI,+91 86556 29522,
CM/ENG/00964,CM/ENG/00964,CIVIL ENGINEER,SITE ENGINEER,,MAHARASHTRA,MUMBAI,+91 86693 96883,
CM/ENG/00965,CM/ENG/00965,CIVIL ENGINEER,SITE ENGINEER,,MAHARASHTRA,MUMBAI,+91 86920 06810,
CM/ENG/00966,CM/ENG/00966,CIVIL ENGINEER,SITE ENGINEER,,MAHARASHTRA,MUMBAI,+91 87368 98910,
CM/ENG/00967,CM/ENG/00967,CIVIL ENGINEER,SITE ENGINEER,,MAHARASHTRA,MUMBAI,+91 87928 80590,
CM/ENG/00968,CM/ENG/00968,CIVIL ENGINEER,SITE ENGINEER,,MAHARASHTRA,MUMBAI,+91 87950 06578,
CM/ENG/00969,CM/ENG/00969,CIVIL ENGINEER,SITE ENGINEER,,MAHARASHTRA,MUMBAI,+91 88477 80007,
CM/ENG/00970,CM/ENG/00970,CIVIL ENGINEER,SITE ENGINEER,,MAHARASHTRA,MUMBAI,+91 88796 47020,
CM/ENG/00971,CM/ENG/00971,CIVIL ENGINEER,SITE ENGINEER,,MAHARASHTRA,MUMBAI,+91 88880 54709,
CM/ENG/00972,CM/ENG/00972,CIVIL ENGINEER,SITE ENGINEER,,MAHARASHTRA,MUMBAI,+91 88980 24002,
CM/ENG/00973,CM/ENG/00973,CIVIL ENGINEER,SITE ENGINEER,,MAHARASHTRA,MUMBAI,+91 89042 50982,
CM/ENG/00974,CM/ENG/00974,CIVIL ENGINEER,SITE ENGINEER,,MAHARASHTRA,MUMBAI,+91 89493 98568,
CM/ENG/00975,CM/ENG/00975,CIVIL ENGINEER,SITE ENGINEER,,MAHARASHTRA,MUMBAI,+91 89565 94365,
CM/ENG/00976,CM/ENG/00976,CIVIL ENGINEER,SITE ENGINEER,,MAHARASHTRA,MUMBAI,+91 90048 55788,
CM/ENG/00977,CM/ENG/00977,CIVIL ENGINEER,SITE ENGINEER,,MAHARASHTRA,MUMBAI,+91 90296 56342,
CM/ENG/00978,CM/ENG/00978,CIVIL ENGINEER,SITE ENGINEER,,MAHARASHTRA,MUMBAI,+91 90296 99394,
CM/ENG/00979,CM/ENG/00979,CIVIL ENGINEER,SITE ENGINEER,,MAHARASHTRA,MUMBAI,+91 90823 01327,
CM/ENG/00980,CM/ENG/00980,CIVIL ENGINEER,SITE ENGINEER,,MAHARASHTRA,MUMBAI,+91 90965 41173,
CM/ENG/00981,CM/ENG/00981,CIVIL ENGINEER,SITE ENGINEER,,MAHARASHTRA,MUMBAI,+91 91120 66826,
CM/ENG/00982,CM/ENG/00982,CIVIL ENGINEER,SITE ENGINEER,,MAHARASHTRA,MUMBAI,+91 91461 71597,
CM/ENG/00983,CM/ENG/00983,CIVIL ENGINEER,SITE ENGINEER,,MAHARASHTRA,MUMBAI,+91 91671 73549,
CM/ENG/00984,CM/ENG/00984,CIVIL ENGINEER,SITE ENGINEER,,MAHARASHTRA,MUMBAI,+91 91685 47767,
CM/ENG/00985,CM/ENG/00985,CIVIL ENGINEER,SITE ENGINEER,,MAHARASHTRA,MUMBAI,+91 91754 74174,
CM/ENG/00986,CM/ENG/00986,CIVIL ENGINEER,SITE ENGINEER,,MAHARASHTRA,MUMBAI,+91 91994 76904,
CM/ENG/00987,CM/ENG/00987,CIVIL ENGINEER,SITE ENGINEER,,MAHARASHTRA,MUMBAI,+91 93042 33939,
CM/ENG/00988,CM/ENG/00988,CIVIL ENGINEER,SITE ENGINEER,,MAHARASHTRA,MUMBAI,+91 93240 64709,
CM/ENG/00989,CM/ENG/00989,CIVIL ENGINEER,SITE ENGINEER,,MAHARASHTRA,MUMBAI,+91 93547 24884,
CM/ENG/00990,CM/ENG/00990,CIVIL ENGINEER,SITE ENGINEER,,MAHARASHTRA,MUMBAI,+91 93595 59736,
CM/ENG/00991,CM/ENG/00991,CIVIL ENGINEER,SITE ENGINEER,,MAHARASHTRA,MUMBAI,+91 95401 05064,
CM/ENG/00992,CM/ENG/00992,CIVIL ENGINEER,SITE ENGINEER,,MAHARASHTRA,MUMBAI,+91 95707 69927,
CM/ENG/00993,CM/ENG/00993,CIVIL ENGINEER,SITE ENGINEER,,MAHARASHTRA,MUMBAI,+91 95792 97914,
CM/ENG/00994,CM/ENG/00994,CIVIL ENGINEER,SITE ENGINEER,,MAHARASHTRA,MUMBAI,+91 95821 15623,
CM/ENG/00995,CM/ENG/00995,CIVIL ENGINEER,SITE ENGINEER,,MAHARASHTRA,MUMBAI,+91 96194 78175,
CM/ENG/00996,CM/ENG/00996,CIVIL ENGINEER,SITE ENGINEER,,MAHARASHTRA,MUMBAI,+91 96236 51297,
CM/ENG/00997,CM/ENG/00997,CIVIL ENGINEER,SITE ENGINEER,,MAHARASHTRA,MUMBAI,+91 96820 28790,
CM/ENG/00998,CM/ENG/00998,CIVIL ENGINEER,SITE ENGINEER,,MAHARASHTRA,MUMBAI,+91 96892 28837,
CM/ENG/00999,CM/ENG/00999,CIVIL ENGINEER,SITE ENGINEER,,MAHARASHTRA,MUMBAI,+91 97679 39197,
CM/ENG/01000,CM/ENG/01000,CIVIL ENGINEER,SITE ENGINEER,,MAHARASHTRA,MUMBAI,+91 97732 41242,
CM/ENG/01001,CM/ENG/01001,CIVIL ENGINEER,SITE ENGINEER,,MAHARASHTRA,MUMBAI,+91 97954 34576,
CM/ENG/01002,CM/ENG/01002,CIVIL ENGINEER,SITE ENGINEER,,MAHARASHTRA,MUMBAI,+91 98012 66198,
CM/ENG/01003,CM/ENG/01003,CIVIL ENGINEER,SITE ENGINEER,,MAHARASHTRA,MUMBAI,+91 98066 75525,
CM/ENG/01004,CM/ENG/01004,CIVIL ENGINEER,SITE ENGINEER,,MAHARASHTRA,MUMBAI,+91 98076 46284,
CM/ENG/01005,CM/ENG/01005,CIVIL ENGINEER,SITE ENGINEER,,MAHARASHTRA,MUMBAI,+91 98340 14944,
CM/ENG/01006,CM/ENG/01006,CIVIL ENGINEER,SITE ENGINEER,,MAHARASHTRA,MUMBAI,+91 98344 36755,
CM/ENG/01007,CM/ENG/01007,CIVIL ENGINEER,SITE ENGINEER,,MAHARASHTRA,MUMBAI,+91 98346 97329,
CM/ENG/01008,CM/ENG/01008,CIVIL ENGINEER,SITE ENGINEER,,MAHARASHTRA,MUMBAI,+91 98347 50126,
CM/ENG/01009,CM/ENG/01009,CIVIL ENGINEER,SITE ENGINEER,,MAHARASHTRA,MUMBAI,+91 98370 98957,
CM/ENG/01010,CM/ENG/01010,CIVIL ENGINEER,SITE ENGINEER,,MAHARASHTRA,MUMBAI,+91 98385 37448,
CM/ENG/01011,CM/ENG/01011,CIVIL ENGINEER,SITE ENGINEER,,MAHARASHTRA,MUMBAI,+91 98389 23700,
CM/ENG/01012,CM/ENG/01012,CIVIL ENGINEER,SITE ENGINEER,,MAHARASHTRA,MUMBAI,+91 98674 41379,
CM/ENG/01013,CM/ENG/01013,CIVIL ENGINEER,SITE ENGINEER,,MAHARASHTRA,MUMBAI,+91 99200 45755,
CM/ENG/01014,CM/ENG/01014,CIVIL ENGINEER,SITE ENGINEER,,MAHARASHTRA,MUMBAI,+91 99201 79470,
CM/ENG/01015,CM/ENG/01015,CIVIL ENGINEER,SITE ENGINEER,,MAHARASHTRA,MUMBAI,+91 99204 90670,
CM/ENG/01016,CM/ENG/01016,CIVIL ENGINEER,SITE ENGINEER,,MAHARASHTRA,MUMBAI,+91 99206 30323,
CM/ENG/01017,CM/ENG/01017,CIVIL ENGINEER,SITE ENGINEER,,MAHARASHTRA,MUMBAI,+91 99227 08380,
CM/ENG/01018,CM/ENG/01018,CIVIL ENGINEER,SITE ENGINEER,,MAHARASHTRA,MUMBAI,+91 99305 90236,
CM/ENG/01019,CM/ENG/01019,CIVIL ENGINEER,SITE ENGINEER,,MAHARASHTRA,MUMBAI,+91 99308 35423,
CM/ENG/01020,CM/ENG/01020,CIVIL ENGINEER,SITE ENGINEER,,MAHARASHTRA,MUMBAI,+91 99554 29016,
CM/ENG/01021,Zaki Shaikh,ARCHITECHT,SENIOR ARCHITECHT,,MAHARASHTRA,MUMBAI,+91 79777 71601,
CM/ENG/01022,CM/ENG/01022,CONSULTANT,RCC DESIGN,,MAHARASHTRA,MUMBAI,,
CM/ENG/01023,CM/ENG/01023,CONSULTANT,GEO DESIGN,,MAHARASHTRA,MUMBAI,,
CM/ENG/01024,CM/ENG/01024,CONSULTANT,MEP DESIGN,,MAHARASHTRA,MUMBAI,,
